Class,variable,@type,description,derived_from,schema:sameAs,type,marginality,cardinality,authenticated,maximum,minimum,enumeration
,AdministrativeArea,rdfs:Class,"A schema describing a geographic AdministrativeArea in the Center for Viral Systems Biology. Used typically to specify province, district, village, etc. for regions of a Country. Note that for Administrative Unit 0 `Country` should be used instead",cvisb:Place,schema:AdministrativeArea,,,,,,,
cvisb:AdministrativeArea,name,rdf:Property,"Name of the adminstrative area, e.g. Sierra Leone",,schema:name,"xsd:string, schema:Text",required,one,,,,"['Southern', 'Eastern', 'Northern', 'Western', 'North West', 'Pujehun', 'Port Loko', 'Bonthe', 'Bo', 'Kambia', 'Kailahun', 'Koinadugu', 'Bombali', 'Moyamba', 'Kenema', 'Tonkolili', 'Kono', 'Western Area Rural', 'Western Area Urban', 'Yakemu Kpukumu', 'Koya', 'Bureh Kasseh Ma', 'Panga Kabonde', 'Galliness Perri', 'Kpaka', 'Bum', 'Komboya', 'Valunia', 'Barri', 'Buya Romende', 'Bramaia', 'Kpanda Kemo', 'Kwamebai Krim', 'Nongoba Bullom', 'Sittia', 'Makpele', 'Malen', 'Mono Sakrim', 'Sowa', 'Panga krim', 'Penguia', 'Pejeh(Futa peje', 'Soro Gbema', 'Bendu-Cha', 'Sulima', 'Dema', 'Imperri', 'Jong', 'Sanda Loko', 'Sogbeni', 'Yawbeko', 'Dasse', 'Selenga', 'Bagruwa', 'Bonthe Urban', 'Bumpeh', 'Simbaru', 'Fakunya', 'Gaura', 'Kagboro', 'Luawa', 'Kandu Leppiama', 'Kowa', 'Kaiyamba', 'Lower Banta', 'Kongbora', 'Kamajei', 'Langrama', 'Bagbo', 'Kori', 'Dama', 'Ribbi', 'Boama', 'Dodo', 'Timdale', 'Upper Banta', 'Gorama Mende', 'Koya', 'Lower Bambara', 'Malegohun', 'Niawa', 'Njaluahun', 'Nomo', 'Nongowa', 'Small Bo', 'Wandor', 'Tunkia', 'Kenema Town', 'Dea', 'Jawie', 'Kissi Kama', 'Kissi Teng', 'Kissi Tongi', 'Kpeje Bongre', 'Kpeje West', 'Malema', 'Mandu', 'Gbinle Dixing', 'Upper Bambara', 'Jaiama Bongor', 'Yawei', 'Badjia', 'Bagbwe(Bagbe)', 'Bumpe Ngao', 'Gbo', 'Kakua', 'Kalansogoia', 'Marampa', 'Lugbu', 'Tikonko', 'Niawa Lenga', 'Maforki', 'Wonde', 'Bo Town', 'Dibia', 'Kunike Barina', 'Gbonkolenken', 'Kafe Simiria', 'Malal Mara', 'Kholifa Mabang', 'Kholifa Rowala', 'Kunike', 'Dembelia - Sink', 'Sambaya', 'Tane', 'Yoni', 'Kaffu Bullom', 'Lokomasama', 'Masimera', 'Sanda Magbolont', 'Fiama', 'TMS', 'Lei', 'Soa', 'Gbane', 'Gbane Kandor', 'Gbense', 'Kamara', 'Mafindor', 'Nimikoro', 'Tankoro', 'Koidu Town', 'Nimiyama', 'Sandor', 'Toli', 'Diang', 'Folosaba Dembel', 'Kasunko', 'Wara Wara Bafod', 'Mongo', 'Neya', 'Sengbe', 'Nieni', 'Mambolo', 'Wara Wara Yagal', 'Biriwa', 'Gbanti Kamarank', 'Bombali Sebora', 'Gbendembu Ngowa', 'Libeisaygahun', 'Magbaimba Ndorhahun', 'Paki Masabong', 'Makari Gbanti', 'Safroko Limba', 'Sanda Tendaran', 'Sella Limba', 'Tambakha', 'Makeni Town', 'Magbema', 'Masungbala', 'Samu', 'Tonko Limba', 'Koya Rural', 'Mountain Rural', 'Waterloo Rural', 'York Rural', 'Central I', 'East I', 'East II', 'Central II', 'West III', 'West I', 'West II', 'Gorama Kono', 'East III', 'Tasso Island', 'Bagollay', 'Bapawa', 'Batowa', 'Bekowa', 'Deyombo', 'Fortune', 'Kpukumu', 'Seiwoh', 'Yabai', 'Mathirie', 'Rogbla', 'Bakoi', 'Jakema II', 'Kemo-Bo', 'Banyande', 'Pelegbulor', 'Jassende Kpeima', 'Jassende Masaoma', 'Kabonde', 'Fikie', 'Tongowa', 'Vanjelu', 'Dakona', 'Gbengain', 'Kondogbe', 'Petifu Bana', 'Gbondubum', 'Duramania', 'Senjehun', 'Sewama', 'Taokunor', 'Kwako Lanten', 'Massa Settie', 'Mosenten Sahen II', 'Tubla', 'Bohol', 'Bullom', 'Garinga', 'Gbangbassa', 'Gbap', 'Hahun', 'Kessie', 'Manyime', 'Pelewahun', 'Salma', 'Solon', 'Torma Subu', 'Sahaya', 'Sahn-Gbegu', 'Sampoh', 'Roponka', 'Fallay', 'Jougba', 'Karjei', 'Bondor', 'Dabeni', 'Laimba', 'Malla', 'Sonjour I', 'Sonjour II', 'Tetima', 'Jassende Ngoleima', 'Dakona', 'Gendema I', 'Gendema II', 'Jakema I', 'Kemo-wa', 'Joya', 'Kemokai', 'Kortugbu', 'Mallah', 'Mewah', 'Jassende Ngoleima', 'Nyango - Njeigbla', 'Nyango-Ngoleihun', 'Parvu', 'Sarbah', 'Lower Kayiemba', 'Samba', 'Upper Kayiemba', 'Kengo', 'Panga', 'Pessekeh', 'Setti-Yakanday', 'Samagbe', 'Kakpanda', 'Seitua', 'Gbomotie', 'Selimeh', 'Bahoin', 'Kahaimoh', 'Kemoh', 'Sabba II', 'Korwa', 'Lower Pemba', 'Seijeila', 'Taukunor', 'Sowa', 'Upper Pemba', 'Kemoh', 'Makpondo', 'Masanda Majagbe', 'Pullie', 'Sitta', 'Fassei', 'Nimima', 'Pemagbie', 'Samba', 'Somasa', 'Koilenga', 'Pejeh East', 'Pejeh West', 'Kemokai', 'Kengo', 'Kiazombo', 'Mano - River', 'Massaquoi I', 'Massaquoi II', 'Moiwebu', 'Sabba I', 'Upper Geoma', 'Zoker I', 'Zoker II', 'Zombo', 'Lower Geoma', 'Gba-Cha', 'Sokenteh', 'Laylay', 'Tissagbe', 'Yallan-gbokie', 'Koimato', 'Lanje', 'Tamba', 'Torma', 'Yargbe', 'Tun-Tun Sullay', 'Yawma', 'Chepo', 'Dema', 'Yoh', 'Yikie Karbay', 'Turtle Islands', 'Babum', 'Bapus', 'Bigo', 'Baoma', 'Moimaligie', 'Basiaka', 'Bayengbe', 'Sokrapan', 'Beyinga', 'Falewuja', 'Kumabeh-Kwe', 'Landi-Ngere', 'Timbo', 'Sopan-Cleveland', 'Tucker-Nyambe', 'Bewoni', 'Gbonge', 'Bamba', 'Gonoh', 'Kamai', 'Kwalloh', 'Moh', 'Ngepay', 'Saama', 'Yoni', 'Bakumba', 'Beyorgboh', 'Ndopie', 'Pengor', 'Baryegbe', 'Hahun', 'Ketaway', 'Semabu', 'Old Town', 'Mobulie', 'Yorma', 'Kawaya', 'Bonthe Town', 'Benduma', 'Bambuibu Tommy', 'Kigbai', 'Mani', 'Bongoya', 'Mokassi', 'Moseilolo', 'Bellentin', 'Palima', 'Sembehun', 'Wonkifore', 'Bumpeh', 'Greema', 'Saiama', 'Kassipoto', 'Mamu', 'Domboma', 'Massah', 'Moforay', 'Mokebbie', 'Motobon', 'Moyemi', 'Foya Tewei', 'Samu', 'Yengessa', 'Jayahun', 'Kenema', 'Mano', 'Niti Korley', 'Taninahun Gomoh', 'Taninahun Kapuima', 'Timindi', 'Fallay', 'Fakoi', 'Gandorhun Central', 'Kovella', 'Sandaru', 'Kpangulgo', 'Kunyafoi', 'Maninga', 'Njawa', 'Songo', 'Mobeh', 'Tangbla', 'To - Ndambalenga', 'Mofindor', 'Tullu', 'Bendu A', 'Gbuallay', 'Sembehun', 'Bendu B', 'Bumpetoke', 'Mano', 'Konolor', 'Mambo', 'Mofuss', 'Mokandor', 'Borley', 'Mokebe', 'Mokobo', 'Rembe', 'Mamanka', 'Mopaileh', 'Moyah', 'Moyibo', 'Ngiehun', 'Tassoh', 'Moforay', 'Thumba A', 'Thumba B', 'Tabe', 'Yondu', 'Angigboya', 'Koromboya', 'Mofindoh', 'Kpange', 'Lungili', 'Mobonor', 'Mendegelema', 'Waliwahun', 'Lombama', 'Mosoe', 'Kowama', 'Mogbuama', 'Ngiegombu', 'Ngoahun', 'Tawovehun', 'Gibina', 'Gondama', 'Korjei', 'Mokorewo', 'Mongere', 'Kpangbalia', 'Mosongla', 'Mowoto', 'Senehun', 'Taninihun', 'Tongieh', 'Zone - 1', 'Zone - 2', 'Zone - 3', 'Zone - 4', 'Zone - 5', 'Zone - 6', 'Zone - 7', 'Kpandobu', 'Fowai', 'Mosumana', 'Ngiyeiya', 'Njagbahun', 'Njama', 'Tawoveihun', 'Bengelloh', 'Mokotawa', 'Gbangbatoke', 'Largoh', 'Kukuna', 'Ndendemoya', 'Ngolala', 'Njagbahun', 'Wulbange', 'Kentineh', 'Makera', 'Klajie', 'Masanka', 'Masarakulay', 'Motonkoh', 'Mobureh', 'Motoni', 'Kimaya', 'Upper Ribbi', 'Yoni', 'Karteh', 'Bembellor', 'Gambia', 'Gbehan', 'Kamasunu', 'Kambotoke', 'Mendekelema', 'Kebail', 'Mandu', 'Mye', 'Nonkoba', 'Sahan', 'Tombeh', 'Yapoma', 'Bei-Kelleh', 'Kenafallay', 'Kepay', 'Mogongbe', 'Songbo', 'Dakowa', 'Danyadejo', 'Dassama', 'Lower Dabor', 'Upper Dabor', 'Bambara', 'Bonya', 'Bundoryama', 'Gorama', 'Korgay', 'Seiwor', 'Giebu', 'Joru', 'Kokoru', 'Biatong', 'Famanjo', 'Kaklawa', 'Kualley', 'Gboro-Lokoma', 'Karga', 'Sonnie', 'Laminaia', 'Joi', 'Koya Gbundohun', 'Menima', 'Serabu', 'Upper Koya', 'Sansangie', 'Njeiwoma', 'Bonya', 'Korjei Ngieya', 'Seduya', 'Fallay', 'Gboro', 'Korjei Buima', 'Konjo Buiima', 'Nyawa', 'Sei', 'Hulorhun Njagbudor', 'Hulorhun Njeigor', 'Konjo Njeigor', 'Konjo Yematanga', 'Lower Torgboma', 'Upper Torgboma', 'Bandawor', 'Kpatawa', 'Gboo', 'Mabondor', 'Niawa', 'Vaama', 'Faama', 'Ngiebu', 'Dagbanya', 'Dakpana', 'Kona Foiya', 'Bundoryama', 'Gbo Kakajama B', 'Kona Kpindibu', 'Gbo Lambayama B', 'Kagbado Kamboima', 'Kagbado Njeigbla', 'Fonde', 'Yalenga', 'Fallay', 'Gorama', 'Niawa', 'Kamboma', 'Niawa', 'Sowa', 'Songhai', 'Daru', 'Gegbwema', 'Giewoma', 'Jewahun', 'Tongorwa', 'Shekaia', 'Kuawuma', 'Taninahun', 'Boryongor', 'Gbogbeima', 'Kemoh', 'Airfield', 'Gbo Kakajama A-Bur', 'Gbo Kakajama A-Lum', 'Bulima', 'Gbo Lambayama A-Le', 'Gbo Lambayama A-Re', 'Gbo Kakajama A-Tec', 'Gbo Kakajama A-Nja', 'Gbo Kakajama A-Kpa', 'Gbo Kakajama A-Kis', 'Sulaimania', 'Gbo Kakajama A-Shi', 'Gbo Lambayama A-Nd', 'Gbo Lambayama A-Ny', 'Gbo Lambayama A-Fo', 'Gbo Kakajama A-Lam', 'Gbo Lambayama A-Go', 'Gbo Lambayama A-RT', 'Kumatandu', 'Gbo Lambayama A-Ko', 'Baiwalla', 'Dodo', 'Sakiema', 'Sienga', 'Mahera', 'Bobor', 'Kaio', 'Lower Giebu', 'Lower Luyengeh', 'Mano', 'Teneba Bramaia', 'Sowa', 'Upper Giebu', 'Upper Luyengeh', 'Dakaleley', 'Kama Teng', 'Gao', 'Kama Toh', 'Bumasadu', 'Konio', 'Kundu', 'Mano-Sewallu', 'Lela', 'Torli', 'Bende Bengu', 'Tongi Tingi', 'Konio', 'Pokorli', 'Bongre', 'Borkou', 'Falloh', 'Jorwu', 'Manowa', 'Marwei', 'Mende Buima', 'Seimaya', 'Bunumbu', 'Golama', 'Kpaewa', 'Kpindima', 'Baoma', 'Gbela', 'Giehun', 'Lower Kpombali', 'Luawa Foguiya', 'Upper Kpombali', 'Bamburu', 'Njagbla', 'Pelegbambeima', 'Upper Sami', 'Gbongre', 'Levuma Jeigbla', 'Lower Kuiva', 'Jonga', 'Upper Kuiva', 'Bombowa', 'Dan Sei', 'Falley', 'Fauya', 'Turaya', 'Kargbu', 'Keimaya', 'Lower Nyawa', 'Sei I', 'Sei II', 'Upper Nyawa', 'Gbinle', 'Bambara', 'Bomaru-guma', 'Goleiwoma', 'Lower Baimba', 'Mano', 'Golu', 'Korbu', 'Naiahun', 'Bendu', 'Kuiva Buima', 'Kuiva Jagor', 'Kuivawa', 'Damai', 'Fallay', 'Kpallay', 'Niagorehun', 'Njargbahun', 'Sei', 'Bum', 'Gorapon', 'Jimmi', 'Tissana', 'Jongo', 'Kemoh', 'Niawa', 'Nyallay', 'Samawa', 'Bambawo', 'Fallay', 'Lower Pataloo', 'Upper Kama', 'Mawojeh', 'Njeima', 'Sonnah', 'Upper Pataloo', 'Kemoh', 'Bongo', 'Bumpe', 'Foya', 'Kpetema', 'Sahn', 'Serabu', 'Sewama', 'Taninahun', 'Nyawa', 'Walihun', 'Yengema', 'Gbo', 'Maryu', 'Lower Kama', 'Lower Niawa', 'Nekpondo', 'Tongowa', 'Upper Baimba', 'Upper Niawa', 'Korjeh', 'Kpandobu', 'Mangaru', 'Sei', 'Nguabu', 'Nyallay', 'Nyawa', 'Keisua', 'Kamakathie', 'Samamie', 'Sewa', 'Sindeh', 'Lunsar-Robis', 'Gao', 'Kamba', 'Kargbevu', 'Kemoh', 'Bainyawa', 'Magbao', 'Yorma', 'Kamakilla', 'Baimba', 'Mambawa', 'Lower Niawa', 'Upper Niawa', 'Yalenga', 'Kaduawo', 'Mokpendeh', 'Morku', 'Magbankitha', 'Ngolamajie', 'Njagbla I', 'Yarlenga', 'Njagbla II', 'Deilenga', 'Kendebu', 'Central Kargoi', 'Seiwa', 'Sendeh', 'Magbengbeh', 'Lunia', 'Ngovo', 'Seilenga', 'Lower Kargoi', 'Manyeh', 'Upper Kargoi', 'East Ward-Batiema', 'East Ward-Bumpeh-W', 'East Ward-Gbondo T', 'East Ward-Kindia T', 'East Ward-Lower Sa', 'East Ward-Manjama', 'East Ward-Messima', 'East Ward-Moriba T', 'North Ward-Bo Numb', 'North Ward-Kissy Town', 'Makump', 'West Ward-Kandeh T', 'North Ward-Njai To', 'Kasokira', 'North Ward-Reservation', 'West Ward-Lewabu -', 'Masaba', 'West Ward-Moriba T', 'West Ward-Nikibu -', 'West Ward-Njagboim', 'Lower Massakong', 'Petifu Mayawa A', 'Lower Polie', 'Petifu Mayawa B', 'Simiria', 'Rogbalan', 'Mayeppoh', 'Fuladugu', 'Marunia', 'Petifu Mayeppoh', 'Upper Massakong', 'Upper Polie', 'Yiben', 'Yele Manowo', 'Mabonto', 'Kakallain', 'Kabaia', 'Kamarugu', 'Makelfa', 'Makontande', 'Mayaso', 'Lower Section', 'Upper Section', 'Mabilafu', 'Kumrabai', 'Bo Road', 'Mabang', 'Marunia Sakie', 'Lal-Lenken', 'Makump', 'Mamuntha', 'Mayatha', 'Massebay', 'Mayossoh', 'Old Magburaka', 'Mamurie', 'Makali', 'Makong', 'Masingbi', 'Mathonkara', 'Wonkibor', 'Lunsar-Madigbo', 'Makoba', 'Rolal', 'Sanda', 'Lunsar-Mamanso', 'Semorkanie', 'Thamah', 'Thambaya', 'Wana', 'Lunsar-Mines', 'Yenkeh', 'Kiamp Kakolo', 'Lunsar-Old Town', 'Malal', 'Numula 5', 'Manewa', 'Mara', 'Matanka', 'Sambaya', 'Rochen', 'Borowah', 'Maboboh Koray', 'Mapakie', 'Buyan', 'Dayie', 'Makrugbeh', 'Mange-bana', 'Mabureh Mende', 'Mathunkara', 'Mange Morie', 'Malanchor', 'Matotoka', 'Makeni Rokefula', 'Foindu', 'Gaindema', 'Macrogba', 'Magbengbe', 'Malompor', 'Petifu-Lower', 'Karine', 'Marenka', 'Minthormore', 'Mamaka', 'Masengbe', 'Kalangba', 'Mayira', 'Petifu Upper', 'Ronietta', 'Kambia Morie', 'Konta Ferry', 'Mabombo', 'Makana', 'Yoni', 'Barmoi', 'Kagbanthama', 'Kaiyeabor', 'Romeni', 'Rotifunk', 'Yali-Sanda', 'Kayembor', 'Foredugu', 'Filligungee', 'Gbaran Kamba', 'Kamasundu', 'Mabureh Buya', 'Konta Kargbo', 'Manungbu', 'Robis', 'Rokel', 'Rosint', 'Worreh Mapoteh', 'Mafonda', 'Makabari', 'Foronkoya', 'Kasongha', 'Lungi', 'Mahera', 'Yongro', 'Mamanki', 'Mayaya', 'Rosint', 'Fondu', 'Magbandoma', 'Benkia', 'Gbabai', 'Foredugu', 'Futa', 'Kagbala A', 'Kagbala B', 'Magbeni', 'Marefa', 'Matene', 'Rosarr', 'Mawoma', 'Robia', 'Rokel', 'Sanda', 'Tumba', 'Benkia', 'Gbainty', 'Kamasondo', 'Kantaya', 'Katonga', 'Komrabai', 'Konta', 'Magbokorr', 'Mannah', 'Mapiterr', 'Matheng', 'Petifu', 'Royema', 'Batpolon', 'Falaba', 'Fenka', 'Gberray Bana', 'Gberray Morie', 'Gberray Thunkara', 'Gbonko Mayira', 'Kabata', 'Komrabai-Waterloo', 'Kondato', 'Maboni', 'Maforay', 'Magbeni', 'Makorobolai', 'Malal', 'Mamanso', 'Mapolie', 'Maronko', 'Mathera', 'Moria', 'Old Port Loko', 'Lunsar-Technical', 'Romaka', 'Rosarr', 'Sanda', 'Lunsar-Path Bana', 'Sendugu', 'Tauya', 'Lunsar-Baipolon', 'Lunsar-Four Road -', 'Lunsar-Kenneday', 'Lunsar-Mabai', 'Magbele', 'Mange', 'Marampa', 'Biki', 'Mawullay', 'Petifu Madina', 'Rogballan', 'Rolankonoh', 'Masimera', 'Biss-Manika', 'Katick', 'Maconteh', 'Mamalikie', 'Matuku', 'Mayola-Thatha', 'Nonkoba', 'Rokel', 'Masien', 'Rokon/Komboya', 'Yoni-Pet', 'Bankro', 'Gbaneh-Loko', 'Kokar', 'Gbogbodo', 'Gbonko', 'Kantia', 'Layamantmetank', 'Magbolontor', 'Malkiya', 'Mankneh', 'Menthen', 'Robis', 'Rotigbonko', 'Sendugu', 'Gbaray Bana', 'Kambia', 'Kanu', 'Kargbo', 'Konkorie', 'Mafonikay', 'Magbafth', 'Magbapsa', 'Sangbada', 'Malakuray', 'Maron', 'Robombeh', 'Tasso Island', 'Dumbia', 'Fiama', 'Tensendakor', 'Kooma', 'Yorkor', 'Gbikidakor', 'Kamara', 'Maikandor', 'Gbane Kandor', 'Gbane Kour', 'Gbane Tetema', 'Gbendekor', 'Yanbidu', 'Bassia', 'Banfinfeh', 'Banyafeh', 'Banyakor', 'Moindefeh', 'Moindekor', 'Dangbaidu', 'Gbondu', 'Kongofinja', 'Sukudu', 'Dia', 'Kamara', 'Kensay', 'Lei', 'Tankoro', 'Tingi-Kor', 'Yawai', 'Kamiendor', 'Kutey', 'Mafindor', 'Bafinfeh', 'Bandafafeh', 'Njama', 'Gbogboafeh', 'Jaiama', 'Masayiefeh', 'Gbense-Sina Town', 'Bafinfeh', 'Bafinfeh', 'Gbense-Moindekor', 'Dangbaidu', 'Njeikor', 'Foidu Mongor', 'Gbense-Moindefeh', 'Kokongokuma', 'Maindu', 'Mofinkor', 'Sawa Buma', 'Tensekor', 'Tankoro', 'Woafeh', 'Bawadu', 'Tankoro-Kinsey', 'Tankoro-New Sembeh', 'Tankoro-Lebanon', 'Tankoro-Kwaquima', 'Kunbulun 1', 'Kunbulun 2', 'Manan', 'Mawundea', 'Numula 1', 'Numula 2', 'Numula 3', 'Numula 4', 'Sinkunia', 'Darakuru', 'Gbenekoro', 'Kania', 'Kondembaia', 'Lengekoro', 'Sokurala', 'Balandugu', 'Dogoloya', 'Fissaya I', 'Fissaya II', 'Nomokoya', 'Gbentu III', 'Herekor', 'Kalia', 'Kakallain', 'Kamba', 'Lagor', 'Gbonkobor', 'Musaia', 'Sankan I', 'Sankan II', 'Kaponpon', 'Kasunko', 'Kayaka', 'Tamiso I', 'Tamiso II', 'Benadugu', 'Deldugu', 'Mankalia', 'Mongo I', 'Mongo II', 'Kalangba', 'Morifindugu', 'Kulor', 'Neya I', 'Neya II', 'Heremakono', 'Nyedu', 'Barawa', 'Pampakoh', 'Kalian', 'Bendugu', 'Wollay', 'Yiffin', 'Semamaia', 'Koinadugu', 'Lower Kamadugu', 'Bilimaia', 'Biribaia', 'Dara', 'Upper Kamadugu', 'Yiraia', 'Yogomaia', 'Falaba', 'Fudea', 'Ganya', 'Gberia Fotombu', 'Gberia-Timbako', 'Kaliyereh', 'Kambaia', 'Koindu-Kura', 'Sonkoya', 'Bafodia', 'Kadanso', 'Kakoya', 'Mambolo', 'Kamanikie', 'Kamayortortor', 'Kambalia', 'Kambia', 'Taelia', 'Zone 1', 'Zone 2', 'Zone 3', 'Zone 4', 'Zone 5', 'Zone 6', 'Zone 7', 'Kabakeh/Balandugu', 'Bumban', 'Bumbandain', 'Karassa', 'Kagbankuna', 'Kamabai', 'Kamaranka', 'Karina', 'Kayonkoro', 'Makumray A', 'Kafala', 'Kagbaran Dokom B', 'Makumray B', 'Konta', 'Matotoka', 'Gbenkfay', 'Gbonkobana', 'Kambia', 'Kayourgbor', 'Laminaya', 'Makulon', 'Rogberay', 'Romaneh', 'Royeama A', 'Royeama B', 'Sakuma A', 'Sakuma B', 'Sendugu A', 'Sendugu B', 'Garanganwa', 'Makarihiteh', 'Makump', 'Gbendembu', 'Kalangba', 'Kania', 'Makeregbohun', 'Lobanga', 'Lohindie', 'Loko-Madina', 'Makai', 'Mamaka', 'Mamukay', 'Tanyehun', 'Masongbo', 'Matehun', 'Mayorthan', 'Sahun', 'Tambiama', 'Batkanu', 'Mafonda', 'Magbaingba', 'Magbanamba', 'Makaiba', 'Makayrembay', 'Simbaya', 'Mandawahun', 'Manyakoi', 'Mayankay', 'Robaka', 'Rotha-Tha', 'Hunduwa', 'Kababala', 'Kagberay', 'Kawungulu', 'Kathegeya', 'Makendema', 'Mambiama', 'Manjahagha', 'Sokudala', 'Yana', 'Gborbana', 'Mabanta', 'Magbenteh', 'Mangay', 'Mankene', 'Masongbo A', 'Rosint', 'Masongbo B', 'Punthun', 'Kathanthan', 'Tonkoba', 'Yainkassa', 'Mapaki', 'Masabong', 'Mayagba', 'Rosanda', 'Maparay', 'Binkolo', 'Bombali Bana', 'Kabonka', 'Kasengbeh', 'Kayassi', 'Mabamba', 'Masapi', 'Banka', 'Benia', 'Kaindema', 'Kamalu', 'Kania', 'Kindia', 'Laminaya', 'Rothatha', 'Madina', 'Maharibo', 'Makapa', 'Makwie Loko', 'Manathi', 'Kalangba', 'Kukuna', 'Marampa', 'Masisan', 'Mateboi', 'Rogbin', 'Rogboreh', 'Rosos', 'Sendugu', 'Yankabala', 'Bugami', 'Kamakwie', 'Kamankoh', 'Kayimbor', 'Magbonkoni I', 'Magbonkoni II', 'Manonkoh', 'Samia', 'Dugutha', 'Makari Gbanti - Mi', 'Moria', 'Paramount Chief Se', 'Simibue', 'Thalla', 'Bombali Sebora - B', 'Makari Gbanti -Mas', 'Bombali Sebora - K', 'Bombali Sebora - Makeni', 'Bombali Sebora - R', 'Bombali Sebora - T', 'Bombali Sebora - W', 'Banguraia', 'Fortumboyie', 'Gberekhuray', 'Gbolon', 'Kabaya', 'Kanku Bramaia', 'Kua Bramaia', 'Katalan', 'Mafaray', 'Maton', 'Rogberay', 'Sanda', 'Tawuya', 'Bombe', 'Kamba', 'Kambia', 'Kargbulor', 'Robat', 'Rokupr', 'Tormina', 'Kalenkay', 'Matetie', 'Mayakie', 'Robis', 'Rowollon', 'Tombo-Wallah', 'Bamoi', 'Mange', 'Benna', 'Kawula', 'Kayenkassa', 'Mapolon', 'Maserie', 'Matengha', 'Matilba', 'Nonko', 'Samu', 'Sumbuya', 'Thalla', 'Bubuya', 'Kpanga Koimato', 'Kassiri', 'Koya', 'Kychom', 'Lusenia', 'Mafufuneh', 'Makuma', 'Mapotolon', 'Moribaia', 'Rokon', 'Rosinor', 'Bubuya', 'Kathanthineh', 'Magbonkoh', 'Sowonde', 'Mamankoh', 'Fabaina Area', 'Madonkeh', 'Magbafti', 'Malambay', 'Newton', 'Songo', 'Bathurst', 'Charlotte', 'Gloucester', 'Leicester', 'Regent', 'Benguema Village A', 'Campbell Town Vill', 'Waterloo Village A', 'Hastings Village A', 'Gbendembu', 'Goderich-Adonkia/M', 'Goderich-Funkia', 'Hamilton', 'Kent', 'Albert Academy', 'Kossoh Town', 'Sattia/Tombo', 'York', 'Bombay', 'Mountain Regent', 'Sorie Town', ""Susan's Bay"", 'Tower Hill', 'Connaught Hospital', 'Sanders Brook', 'Cline Town', 'Fourah Bay', 'Coconut Farm/ Asho', 'Foulah Town', 'Ginger Hall', 'Kissy Brook', 'Magazine', 'Mount Aureol', 'Quarry', 'Congo Water I', 'Allen Town I', 'Congo Water II', 'Allen Town II', 'Bottom Oku', 'Grass Field', 'Industrial Estate', 'Kuntolor', 'Jalloh Terrace', 'Kissy Brook', 'Lowcost Housing', 'Kissy Bye Pass I', 'Mamba Ridge I', 'Mamba Ridge II', 'Kissy Bye Pass II', 'Kissy Mental', 'Kissy Mess Mess', 'Mayenkineh', 'Old Warf', 'Njaifeh', 'Pamuronko', 'Portee', 'Thunderhill', 'Robis', 'Rokupa', 'Shell', 'Cockerill-Aberdeen', 'Ascension Town', 'Brookfields', 'Kingtom', 'Kroo Town', 'Brookfields-Congo', 'Brookfields-Red Pu', 'Congo Town', 'George Brook (Dwor', 'New England-Hannes', 'New England-Hill C', 'Cockle-Bay /Colleg', 'Tengbeh Town', 'Aberdeen', 'Hill Station', 'Juba/Kaningo', 'Njagbakahun', 'Lumley', 'Malama/Kamayama', 'Murray Town', 'Pipeline/Wilkinson', 'Wilberforce', 'Lower Sami', 'Jagor', 'Ngiewoma-Njeigor', 'Kufuru', 'Gorahun', 'Gbane Yemao', 'Mongo', 'Bunabu', 'Kangama', 'Selokoma', 'Koaro', 'Peyifeh', 'Tama', 'Fakongofeh', 'Kawafeh', 'Samgbafeh', 'Sinkongofeh', 'Sumunjifeh', 'Tharma Forest', 'Yawatanda', 'Sawa Fiama', 'Komadu', 'Kwidu', 'Konta', 'Kamassassa', 'Yebaya', 'Marunia Koray', 'Saradu', 'Sumbaria', 'Kahekay', 'Yurika', 'Ba-Kobotu', 'Benkeh', 'Njagbema', 'Yeima', 'Lower Ribbi', 'Pembaar', 'Abia', 'Adamawa', 'Akwa Ibom', 'Anambra', 'Bauchi', 'Bayelsa', 'Benue', 'Borno', 'Cross River', 'Delta', 'Ebonyi', 'Edo', 'Ekiti', 'Enugu', 'Federal Capital Territory', 'Gombe', 'Imo', 'Jigawa', 'Kaduna', 'Kano', 'Katsina', 'Kebbi', 'Kogi', 'Kwara', 'Lagos', 'Nasarawa', 'Niger', 'Ogun', 'Ondo', 'Osun', 'Oyo', 'Plateau', 'Rivers', 'Sokoto', 'Taraba', 'Yobe', 'Zamfara', 'Aba North', 'Aba South', 'Arochukwu', 'Bende', 'Ikwuano', 'Isiala-Ngwa North', 'Isiala-Ngwa South', 'Isiukwuato', 'Obi Ngwa', 'Ohafia', 'Osisioma Ngwa', 'Ugwunagbo', 'Ukwa East', 'Ukwa West', 'Umu-Nneochi', 'Umuahia North', 'Umuahia South', 'Demsa', 'Fufore', 'Ganye', 'Girei', 'Gombi', 'Guyuk', 'Hong', 'Jada', 'Lamurde', 'Madagali', 'Maiha', 'Mayo-Belwa', 'Michika', 'Mubi North', 'Mubi South', 'Numan', 'Shelleng', 'Song', 'Toungo', 'Yola North', 'Yola South', 'Abak', 'Eastern Obolo', 'Eket', 'Esit - Eket', 'Essien Udim', 'Etim Ekpo', 'Etinan', 'Ibeno', 'Ibesikpo Asutan', 'Ibiono Ibom', 'Ika', 'Ikono', 'Ikot Abasi', 'Ikot Ekpene', 'Ini', 'Itu', 'Mbo', 'Mkpat Enin', 'Nsit Atai', 'Nsit Ibom', 'Nsit Ubium', 'Obot Akara', 'Okobo', 'Onna', 'Oron', 'Oruk Anam', 'Udung Uko', 'Ukanafun', 'Uruan', 'Urue-Offong/Oruko', 'Uyo', 'Aguata', 'Anambra East', 'Anambra West', 'Anaocha', 'Awka North', 'Awka South', 'Ayamelum', 'Dunukofia', 'Ekwusigo', 'Idemili North', 'Idemili South', 'Ihiala', 'Njikoka', 'Nnewi North', 'Nnewi South', 'Ogbaru', 'Onitsha North', 'Onitsha South', 'Orumba North', 'Orumba South', 'Oyi', 'Alkaleri', 'Bauchi', 'Bogoro', 'Damban', 'Darazo', 'Dass', 'Gamawa', 'Ganjuwa', 'Giade', 'Itas/Gadau', ""Jama'are"", 'Katagum', 'Kirfi', 'Misau', 'Ningi', 'Shira', 'Tafawa-Balewa', 'Toro', 'Warji', 'Zaki', 'Brass', 'Ekeremor', 'Kolokuma/Opokuma', 'Nembe', 'Ogbia', 'Sagbama', 'Southern Ijaw', 'Yenegoa', 'Ado', 'Agatu', 'Apa', 'Buruku', 'Gboko', 'Guma', 'Gwer East', 'Gwer West', 'Katsina-Ala', 'Konshisha', 'Kwande', 'Logo', 'Makurdi', 'Obi', 'Ogbadibo', 'Ohimini', 'Oju', 'Okpokwu', 'Oturkpo', 'Tarka', 'Ukum', 'Ushongo', 'Vandeikya', 'Abadam', 'Askira/Uba', 'Bama', 'Bayo', 'Biu', 'Chibok', 'Damboa', 'Dikwa', 'Gubio', 'Guzamala', 'Gwoza', 'Hawul', 'Jere', 'Kaga', 'Kala/Balge', 'Konduga', 'Kukawa', 'Kwaya Kusar', 'Mafa', 'Magumeri', 'Maiduguri', 'Marte', 'Mobbar', 'Monguno', 'Ngala', 'Nganzai', 'Shani', 'Abi', 'Akamkpa', 'Akpabuyo', 'Bekwara', 'Biase', 'Boki', 'Calabar-Municipal', 'Calabar South', 'Etung', 'Ikom', 'Obanliku', 'Obubra', 'Obudu', 'Odukpani', 'Ogoja', 'Yakurr', 'Yala', 'Bakassi', 'Aniocha North', 'Aniocha South', 'Bomadi', 'Burutu', 'Ethiope East', 'Ethiope West', 'Ika North East', 'Ika South', 'Isoko North', 'Isoko South', 'Ndokwa East', 'Ndokwa West', 'Okpe', 'Oshimili North', 'Oshimili South', 'Patani', 'Sapele', 'Udu', 'Ughelli North', 'Ughelli South', 'Ukwuani', 'Uvwie', 'Warri North', 'Warri South', 'Warri South West', 'Abakaliki', 'Afikpo North', 'Afikpo South', 'Ebonyi', 'Ezza North', 'Ezza South', 'Ikwo', 'Ishielu', 'Ivo', 'Izzi', 'Ohaozara', 'Ohaukwu', 'Onicha', 'Akoko-Edo', 'Egor', 'Esan Central', 'Esan North East', 'Esan South East', 'Esan West', 'Etsako Central', 'Etsako East', 'Etsako West', 'Igueben', 'Ikpoba-Okha', 'Oredo', 'Orhionmwon', 'Ovia North East', 'Ovia South West', 'Owan East', 'Owan West', 'Uhunmwonde', 'Ado Ekiti', 'Aiyekire (Gbonyin)', 'Efon', 'Ekiti East', 'Ekiti South West', 'Ekiti West', 'Emure', 'Ido-Osi', 'Ijero', 'Ikere', 'Ikole', 'Ilejemeji', 'Irepodun/Ifelodun', 'Ise/Orun', 'Moba', 'Oye', 'Aninri', 'Awgu', 'Enugu East', 'Enugu North', 'Enugu South', 'Ezeagu', 'Igbo-Etiti', 'Igbo-Eze North', 'Igbo-Eze South', 'Isi-Uzo', 'Nkanu East', 'Nkanu West', 'Nsukka', 'Oji-River', 'Udenu', 'Udi', 'Uzo-Uwani', 'Abaji', 'Abuja Municipal', 'Bwari', 'Gwagwalada', 'Kuje', 'Kwali', 'Akko', 'Balanga', 'Billiri', 'Dukku', 'Funakaye', 'Gombe', 'Kaltungo', 'Kwami', 'Nafada', 'Shomgom', 'Yamaltu/Deba', 'Aboh-Mbaise', 'Ahiazu-Mbaise', 'Ehime-Mbano', 'Ezinihitte', 'Ideato North', 'Ideato South', 'Ihitte/Uboma', 'Ikeduru', 'Isiala Mbano', 'Isu', 'Mbaitoli', 'Ngor-Okpala', 'Njaba', 'Nkwerre', 'Nwangele', 'Obowo', 'Oguta', 'Ohaji/Egbema', 'Okigwe', 'Orlu', 'Orsu', 'Oru East', 'Oru West', 'Owerri-Municipal', 'Owerri North', 'Owerri West', 'Unuimo', 'Auyo', 'Babura', 'Biriniwa', 'Birni Kudu', 'Buji', 'Dutse', 'Gagarawa', 'Garki', 'Gumel', 'Guri', 'Gwaram', 'Gwiwa', 'Hadejia', 'Jahun', 'Kafin Hausa', 'Kaugama', 'Kazaure', 'Kiri Kasamma', 'Kiyawa', 'Maigatari', 'Malam Madori', 'Miga', 'Ringim', 'Roni', 'Sule-Tankarkar', 'Taura', 'Yankwashi', 'Birnin-Gwari', 'Chikun', 'Giwa', 'Igabi', 'Ikara', 'Jaba', ""Jema'a"", 'Kachia', 'Kaduna North', 'Kaduna South', 'Kagarko', 'Kajuru', 'Kaura', 'Kauru', 'Kubau', 'Kudan', 'Lere', 'Markafi', 'Sabon-Gari', 'Sanga', 'Soba', 'Zango-Kataf', 'Zaria', 'Ajingi', 'Albasu', 'Bagwai', 'Bebeji', 'Bichi', 'Bunkure', 'Dala', 'Dambatta', 'Dawakin Kudu', 'Dawakin Tofa', 'Doguwa', 'Fagge', 'Gabasawa', 'Garko', 'Garum Mallam', 'Gaya', 'Gezawa', 'Gwale', 'Gwarzo', 'Kabo', 'Kano Municipal', 'Karaye', 'Kibiya', 'Kiru', 'Kumbotso', 'Kunchi', 'Kura', 'Madobi', 'Makoda', 'Minjibir', 'Nasarawa', 'Rano', 'Rimin Gado', 'Rogo', 'Shanono', 'Sumaila', 'Takai', 'Tarauni', 'Tofa', 'Tsanyawa', 'Tudun Wada', 'Ungogo', 'Warawa', 'Wudil', 'Bakori', 'Batagarawa', 'Batsari', 'Baure', 'Bindawa', 'Charanchi', 'Dan Musa', 'Dandume', 'Danja', 'Daura', 'Dutsi', 'Dutsin-Ma', 'Faskari', 'Funtua', 'Ingawa', 'Jibia', 'Kafur', 'Kaita', 'Kankara', 'Kankia', 'Katsina', 'Kurfi', 'Kusada', ""Mai'adua"", 'Malumfashi', 'Mani', 'Mashi', 'Matazu', 'Musawa', 'Rimi', 'Sabuwa', 'Safana', 'Sandamu', 'Zango', 'Aleiro', 'Arewa-Dandi', 'Argungu', 'Augie', 'Bagudo', 'Birnin Kebbi', 'Bunza', 'Dandi', 'Fakai', 'Gwandu', 'Jega', 'Kalgo', 'Koko/Besse', 'Maiyama', 'Ngaski', 'Sakaba', 'Shanga', 'Suru', 'Wasagu/Danko', 'Yauri', 'Zuru', 'Adavi', 'Ajaokuta', 'Ankpa', 'Bassa', 'Dekina', 'Ibaji', 'Idah', 'Igalamela-Odolu', 'Ijumu', 'Kabba/Bunu', 'Kogi', 'Lokoja', 'Mopa-Muro', 'Ofu', 'Ogori/Magongo', 'Okehi', 'Okene', 'Olamabolo', 'Omala', 'Yagba East', 'Yagba West', 'Asa', 'Baruten', 'Edu', 'Ekiti', 'Ifelodun', 'Ilorin East', 'Ilorin South', 'Ilorin West', 'Irepodun', 'Isin', 'Kaiama', 'Moro', 'Offa', 'Oke-Ero', 'Oyun', 'Pategi', 'Agege', 'Ajeromi-Ifelodun', 'Alimosho', 'Amuwo-Odofin', 'Apapa', 'Badagry', 'Epe', 'Eti-Osa', 'Ibeju/Lekki', 'Ifako-Ijaye', 'Ikeja', 'Ikorodu', 'Kosofe', 'Lagos Island', 'Lagos Mainland', 'Mushin', 'Ojo', 'Oshodi-Isolo', 'Shomolu', 'Surulere', 'Akwanga', 'Awe', 'Doma', 'Karu', 'Keana', 'Keffi', 'Kokona', 'Lafia', 'Nasarawa-Eggon', 'Nasarawa', 'Obi', 'Toto', 'Wamba', 'Agaie', 'Agwara', 'Bida', 'Borgu', 'Bosso', 'Chanchaga', 'Edati', 'Gbako', 'Gurara', 'Katcha', 'Kontagora', 'Lapai', 'Lavun', 'Magama', 'Mariga', 'Mashegu', 'Mokwa', 'Muya', 'Paikoro', 'Rafi', 'Rijau', 'Shiroro', 'Suleja', 'Tafa', 'Wushishi', 'Abeokuta North', 'Abeokuta South', 'Ado-Odo/Ota', 'Egbado North', 'Egbado South', 'Ewekoro', 'Ifo', 'Ijebu East', 'Ijebu North', 'Ijebu North East', 'Ijebu Ode', 'Ikenne', 'Imeko-Afon', 'Ipokia', 'Obafemi-Owode', 'Odeda', 'Odogbolu', 'Ogun waterside', 'Remo North', 'Shagamu', 'Akoko North East', 'Akoko North West', 'Akoko South East', 'Akoko South West', 'Akure North', 'Akure South', 'Ese-Odo', 'Idanre', 'Ifedore', 'Ilaje', 'Ile-Oluji-Okeigbo', 'Irele', 'Odigbo', 'Okitipupa', 'Ondo East', 'Ondo West', 'Ose', 'Owo', 'Aiyedade', 'Aiyedire', 'Atakumosa East', 'Atakumosa West', 'Boluwaduro', 'Boripe', 'Ede North', 'Ede South', 'Egbedore', 'Ejigbo', 'Ife Central', 'Ife East', 'Ife North', 'Ife South', 'Ifedayo', 'Ifelodun', 'Ila', 'Ilesha East', 'Ilesha West', 'Irepodun', 'Irewole', 'Isokan', 'Iwo', 'Obokun', 'Odo-Otin', 'Ola-oluwa', 'Olorunda', 'Oriade', 'Orolu', 'Osogbo', 'Afijio', 'Akinyele', 'Atiba', 'Atigbo', 'Egbeda', 'Ibadan North', 'Ibadan North East', 'Ibadan North West', 'Ibadan South East', 'Ibadan South West', 'Ibarapa Central', 'Ibarapa East', 'Ibarapa North', 'Ido', 'Irepo', 'Iseyin', 'Itesiwaju', 'Iwajowa', 'Kajola', 'Lagelu', 'Ogbomosho North', 'Ogbomosho South', 'Ogo Oluwa', 'Olorunsogo', 'Oluyole', 'Ona-Ara', 'Orelope', 'Ori Ire', 'Oyo East', 'Oyo West', 'Saki East', 'Saki West', 'Surulere', 'Barikin Ladi', 'Bassa', 'Bokkos', 'Jos East', 'Jos North', 'Jos South', 'Kanam', 'Kanke', 'Langtang North', 'Langtang South', 'Mangu', 'Mikang', 'Pankshin', ""Qua'an Pan"", 'Riyom', 'Shendam', 'Wase', 'Abua/Odual', 'Ahoada East', 'Ahoada West', 'Akuku Toru', 'Andoni', 'Asari-Toru', 'Bonny', 'Degema', 'Eleme', 'Emohua', 'Etche', 'Gokana', 'Ikwerre', 'Khana', 'Obia/Akpor', 'Ogba/Egbema/Ndoni', 'Ogu/Bolo', 'Okrika', 'Omumma', 'Opobo/Nkoro', 'Oyigbo', 'Port-Harcourt', 'Tai', 'Binji', 'Bodinga', 'Dange-Shuni', 'Gada', 'Goronyo', 'Gudu', 'Gwadabawa', 'Illela', 'Isa', 'Kebbe', 'Kware', 'Rabah', 'Sabon Birni', 'Shagari', 'Silame', 'Sokoto North', 'Sokoto South', 'Tambuwal', 'Tangaza', 'Tureta', 'Wamako', 'Wurno', 'Yabo', 'Ardo-Kola', 'Bali', 'Donga', 'Gashaka', 'Gassol', 'Ibi', 'Jalingo', 'Karim-Lamido', 'Kurmi', 'Lau', 'Sardauna', 'Takum', 'Ussa', 'Wukari', 'Yorro', 'Zing', 'Bade', 'Bursari', 'Damaturu', 'Fika', 'Fune', 'Geidam', 'Gujba', 'Gulani', 'Jakusko', 'Karasuwa', 'Machina', 'Nangere', 'Nguru', 'Potiskum', 'Tarmua', 'Yunusari', 'Yusufari', 'Anka', 'Bakura', 'Birnin Magaji', 'Bukkuyum', 'Bungudu', 'Gummi', 'Gusau', 'Kaura Namoda', 'Maradun', 'Maru', 'Shinkafi', 'Talata Mafara', 'Tsafe', 'Zurmi']"
cvisb:AdministrativeArea,alternateName,rdf:Property,"Alternative name of the admin area, for instance in a different language",,schema:alternateName,"xsd:string, schema:Text",optional,many,,,,
cvisb:AdministrativeArea,administrativeType,rdf:Property,"Type of administative area, e.g. province (Adm 1), district (Adm 2), chiefdom (Adm 3), village (Adm 4)",,,"xsd:string, schema:Text",required,one,,,,"['province', 'district', 'chiefdom', 'village', 'Federal Capital Territory', 'state', 'Local Government Area', 'ward']"
cvisb:AdministrativeArea,administrativeUnit,rdf:Property,"level of administative area, e.g. 1: province, 2: district, 3: chiefdom, 4: village for Sierra Leone",,,schema:Integer,recommended,one,,,,"[0, 1, 2, 3, 4]"
cvisb:AdministrativeArea,identifier,rdf:Property,"identifier  / short name for administrative area. Note: where possible, align to governmental codes for the Administrative Area",,schema:identifier,"xsd:string, schema:Text",optional,one,,,,
,AndersenSequencing,rdfs:Class,"A schema describing a HLA, viral, or metagenome sequencing Experiment in the Center for Viral Systems Biology",cvisb:sequencingExperiment,,,,,,,,
cvisb:AndersenSequencing,analysisVersion,rdf:Property,Analysis pipeline version,,,"xsd:string, schema:Text",recommended,one,False,,,
cvisb:AndersenSequencing,metagenomeDatabase,rdf:Property,metagenome database,,,"xsd:string, schema:Text",recommended,one,False,,,
cvisb:AndersenSequencing,metagenomeDBVersion,rdf:Property,metagenome database version,,,"schema:URL, xsd:string, schema:Text",recommended,one,False,,,
cvisb:AndersenSequencing,assemblyReference,rdf:Property,Reference for assembly,,,"schema:URL, xsd:string, schema:Text",recommended,one,False,,,
cvisb:AndersenSequencing,alignmentReference,rdf:Property,Reference for alignment,,,"schema:URL, xsd:string, schema:Text",recommended,one,False,,,
cvisb:AndersenSequencing,libraryKit,rdf:Property,library kit,,,"xsd:string, schema:Text",recommended,one,False,,,
cvisb:AndersenSequencing,libraryVersion,rdf:Property,library version,,,"xsd:string, schema:Text",recommended,one,False,,,
cvisb:AndersenSequencing,variantCallingType,rdf:Property,Variant calling Type(Consensus/Reference),,,"xsd:string, schema:Text",recommended,one,False,,,
cvisb:AndersenSequencing,replicate,rdf:Property,Replicate number,,,schema:Integer,recommended,one,False,,,
,RTPCRResult,rdfs:Class,A schema describing a ContactPoint for the Center for Viral Systems Biology,schema:ContactPoint,schema:ContactPoint,,,,,,,
cvisb:ContactPoint,contactType,rdf:Property,contact type of the contactPoint,,schema:contactType,"xsd:string, schema:Text",required,one,,,,"['technical support', 'customer support']"
cvisb:ContactPoint,url,rdf:Property,url of the contactPoint,,schema:url,"xsd:string, schema:Text",required,one,,,,
cvisb:ContactPoint,email,rdf:Property,email of the contactPoint,,schema:email,"xsd:string, schema:Text",recommended,one,,,,
,Country,rdfs:Class,A schema describing a Country in the Center for Viral Systems Biology experiments,schema:Country,schema:Country,,,,,,,
cvisb:Country,identifier,rdf:Property,"2 letter ISO code of the country, e.g. SL",,schema:identifier,"xsd:string, schema:Text",required,one,,,,"['SL', 'NG']"
cvisb:Country,url,rdf:Property,Link to the ISO country page,,schema:url,"xsd:string, schema:Text",recommended,one,,,,"['https://www.iso.org/obp/ui/#iso:code:3166:SL', 'https://www.iso.org/obp/ui/#iso:code:3166:NG']"
cvisb:Country,name,rdf:Property,"Name of the country, e.g. Sierra Leone",,schema:name,"xsd:string, schema:Text",recommended,one,,,,"['Sierra Leone', 'Nigeria']"
cvisb:Country,alternateName,rdf:Property,"Alternative name of the country, for instance in a different language",,schema:alternateName,"xsd:string, schema:Text",optional,many,,,,
,RTPCRResult,rdfs:Class,A schema describing the DataCatalog for the Center for Viral Systems Biology experiments,schema:DataCatalog,schema:DataCatalog,,,,,,,
cvisb:DataCatalog,name,rdf:Property,Descriptive name of the DataCatalog,,schema:name,"xsd:string, schema:Text",required,one,False,,,
cvisb:DataCatalog,alternateName,rdf:Property,Alternate name of the DataCatalog,,schema:alternateName,"xsd:string, schema:Text",optional,many,False,,,
cvisb:DataCatalog,description,rdf:Property,Short summary describing a DataCatalog,,schema:description,"xsd:string, schema:Text",required,one,False,,,
cvisb:DataCatalog,url,rdf:Property,Location of a page describing the DataCatalog,,schema:url,schema:URL,optional,one,False,,,
cvisb:DataCatalog,dataset,rdf:Property,list of unique internal identifiers for the datasets associated with the DataCatalog,,schema:dataset,xsd:string,required,many,False,,,
cvisb:DataCatalog,identifier,rdf:Property,"A unique identifier for the DataCatalog. Note: should be an internal, CViSB identifier; DOIs should go in @id",,schema:identifier,xsd:string,recommended,one,False,,,
cvisb:DataCatalog,@id,rdf:Property,"A unique identifier for the DataCatalog, preferably a DOI",,schema:identifier,schema:URL,recommended,one,False,,,
cvisb:DataCatalog,sameAs,rdf:Property,URL to cross-reference other copies of the DataCatalog,,schema:sameAs,schema:URL,optional,many,False,,,
cvisb:DataCatalog,keywords,rdf:Property,Comma-seperated keywords to summarize the DataCatalog,,schema:keywords,xsd:string,recommended,many,False,,,
cvisb:DataCatalog,datePublished,rdf:Property,Date of first broadcast/publication,,schema:datePublished,schema:Date,recommended,one,False,,,
cvisb:DataCatalog,dateModified,rdf:Property,Date on which the DataCatalog was most recently modified,,schema:dateModified,schema:Date,required,one,False,,,
cvisb:DataCatalog,temporalCoverage,rdf:Property,"The temporalCoverage of a DataCatalog indicates the period that the content applies to, i.e. that it describes, either as a DateTime or as a textual string indicating a time period in ISO 8601 time interval format.",,schema:temporalCoverage,cvisb:DateRange,recommended,one,False,,,
cvisb:DataCatalog,spatialCoverage,rdf:Property,"The spatialCoverage of a CreativeWork indicates the place(s) which are the focus of the content. It is a subproperty of contentLocation intended primarily for more technical and detailed materials. For example with a DataCatalog, it indicates areas that the DataCatalog describes: a DataCatalog of New York weather would have spatialCoverage which was the place: the state of New York.",,schema:spatialCoverage,cvisb:Country,recommended,many,False,,,
cvisb:DataCatalog,publisher,rdf:Property,"Publisher of this DataCatalog, usually the host organization",,schema:publisher,cvisb:Organization,recommended,many,False,,,
cvisb:DataCatalog,_version,rdf:Property,"Version of DataCatalog, auto-assigned by CViSB database",,schema:version,schema:Number,recommended,one,False,,,
cvisb:DataCatalog,schemaVersion,rdf:Property,Version of DataCatalog schema,,schema:schemaVersion,schema:Text,recommended,one,False,,,
cvisb:DataCatalog,funder,rdf:Property,A person or organization that supports (sponsors) the collection of this dataset through some kind of financial contribution,,schema:funder,cvisb:Organization,recommended,many,False,,,
,DataDownload,rdfs:Class,A schema describing DataDownload in the Center for Viral Systems Biology,schema:DataDownload,,,,,,,,
cvisb:DataDownload,name,rdf:Property,Descriptive name of the data file,,schema:name,"xsd:string, schema:Text",required,one,False,,,
cvisb:DataDownload,description,rdf:Property,Short summary describing a data file,,schema:description,"xsd:string, schema:Text",recommended,one,False,,,
cvisb:DataDownload,identifier,rdf:Property,"A unique identifier for the DataDownload. Note: should be an internal, CViSB identifier; DOIs should go in @id",,schema:identifier,xsd:string,required,one,False,,,
cvisb:DataDownload,@id,rdf:Property,"A unique identifier for the dataset, preferably a DOI",,schema:identifier,schema:URL,recommended,one,False,,,
cvisb:DataDownload,isBasedOn,rdf:Property,"A reference to the identifier of a parent file(s), e.g. raw data that this analysis file is based on",,schema:isBasedOn,xsd:string,recommended,many,False,,,
cvisb:DataDownload,_version,rdf:Property,"Version of data file, auto-assigned by CViSB database",,schema:version,schema:Number,recommended,one,False,,,
cvisb:DataDownload,contentUrl,rdf:Property,URL pointing to the actual location of the file,,schema:contentUrl,schema:URL,required,one,False,,,
cvisb:DataDownload,contentUrlRepository,rdf:Property,"Name of the repository where the file is stored, e.g. the NIH's Sequence Read Archive",,,schema:Text,recommended,one,False,,,"['SRA', 'AWS']"
cvisb:DataDownload,contentUrlIdentifier,rdf:Property,"Unique identifier used at the contentUrl location, for instance the NIH SRA id for the file",,,schema:Text,recommended,one,False,,,
cvisb:DataDownload,sameAs,rdf:Property,URL to cross-reference other copies of the data file,,schema:sameAs,schema:URL,optional,many,False,,,
cvisb:DataDownload,additionalType,rdf:Property,"Type of data download file, such as raw data, processed data, summary data",,,xsd:string,required,many,False,,,"['raw data', 'analyzed data', 'summary data']"
cvisb:DataDownload,keywords,rdf:Property,Comma-seperated keywords to summarize the DataDownload,,schema:keywords,xsd:string,recommended,many,False,,,
cvisb:DataDownload,patientIDs,rdf:Property,List of patient IDs contained within the data file,,,"xsd:string, schema:Text",recommended,many,False,,,
cvisb:DataDownload,measurementTechnique,rdf:Property,"A technique or technology used in a Dataset (or DataDownload, DataCatalog), corresponding to the method used for measuring the corresponding variable(s) (described using variableMeasured).",,schema:measurementTechnique,"xsd:string, schema:Text",recommended,many,False,,,
cvisb:DataDownload,encodingFormat,rdf:Property,File extension,,schema:encodingFormat,"xsd:string, schema:Text",recommended,one,False,,,"['text/csv', 'text/plain', 'text/fasta', 'text/bed', 'text/html', 'application/json', 'application/bam', 'application/vnd.ms-excel', 'application/vnd.openxmlformats-officedocument.spreadsheetml.sheet', 'application/xml', 'application/zip', 'application/gzip']"
cvisb:DataDownload,dateCreated,rdf:Property,Date of first creation,,schema:dateCreated,schema:Date,recommended,one,False,,,
cvisb:DataDownload,datePublished,rdf:Property,Date of first broadcast/publication,,schema:datePublished,schema:Date,recommended,one,False,,,
cvisb:DataDownload,dateModified,rdf:Property,Date on which the DataDownload was most recently modified (YYYY-DD-MM),,schema:dateModified,schema:Date,required,one,False,,,
cvisb:DataDownload,author,rdf:Property,"Author of this DataDownload, can be a person or an organization. Usually specified in Dataset object.",,schema:author,cvisb:Organization,optional,many,False,,,
cvisb:DataDownload,publisher,rdf:Property,"Publisher of this dataset, usually the host organization",,schema:publisher,cvisb:Organization,recommended,many,False,,,
cvisb:DataDownload,sourceCode,rdf:Property,"Computer programming source code. Example: Full (compile ready) solutions, code snippet samples, scripts, templates.",,,cvisb:SoftwareSourceCode,recommended,many,False,,,
cvisb:DataDownload,experimentIDs,rdf:Property,"Unique experimental ID that of the experiment that generated the data. Used as a handle into the metadata describing how the data were generated, processed, and analysed.",,,"xsd:string, schema:Text",recommended,many,False,,,
,Dataset,rdfs:Class,A schema describing Dataset in the Center for Viral Systems Biology,schema:Dataset,,,,,,,,
cvisb:Dataset,name,rdf:Property,Descriptive name of the dataset,,schema:name,"xsd:string, schema:Text",required,one,False,,,
cvisb:Dataset,description,rdf:Property,Short summary describing a dataset,,schema:description,"xsd:string, schema:Text",required,one,False,,,
cvisb:Dataset,measurementTechnique,rdf:Property,"A technique or technology used in a Dataset (or DataDownload, DataCatalog), corresponding to the method used for measuring the corresponding variable(s) (described using variableMeasured).",,schema:measurementTechnique,"xsd:string, schema:Text",required,many,False,,,"['HLA sequencing', 'viral sequencing', 'metagenome sequencing', 'BCR sequencing', 'TCR sequencing', 'Systems Serology', 'Metabolomics', 'other']"
cvisb:Dataset,variableMeasured,rdf:Property,"A technique or technology used in a Dataset (or DataDownload, DataCatalog), corresponding to the method used for measuring the corresponding variable(s) (described using variableMeasured).",,schema:variableMeasured,"xsd:string, schema:Text",optional,many,False,,,
cvisb:Dataset,url,rdf:Property,Location of a page describing the dataset,,schema:url,schema:URL,optional,one,False,,,
cvisb:Dataset,includedInDataCatalog,rdf:Property,A data catalog which contains this dataset,,schema:includedInDataCatalog,cvisb:DataCatalog,recommended,many,False,,,
cvisb:Dataset,identifier,rdf:Property,"A unique identifier for the DataDownload. Note: should be an internal, CViSB identifier; DOIs should go in @id",,schema:identifier,xsd:string,recommended,one,False,,,
cvisb:Dataset,@id,rdf:Property,"A unique identifier for the dataset, preferably a DOI",,schema:identifier,schema:URL,recommended,one,False,,,
cvisb:Dataset,sameAs,rdf:Property,URL to cross-reference other copies of the dataset,,schema:sameAs,schema:URL,optional,many,False,,,
cvisb:Dataset,keywords,rdf:Property,Comma-seperated keywords to summarize the dataset,,schema:keywords,xsd:string,recommended,many,False,,,
cvisb:Dataset,datePublished,rdf:Property,Date of first broadcast/publication,,schema:datePublished,schema:Date,recommended,one,False,,,
cvisb:Dataset,dateModified,rdf:Property,Date on which the dataset was most recently modified,,schema:dateModified,schema:Date,required,one,False,,,
cvisb:Dataset,temporalCoverage,rdf:Property,"The temporalCoverage of a dataset indicates the period that the content applies to, i.e. that it describes, either as a DateTime or as a textual string indicating a time period in ISO 8601 time interval format.",,schema:temporalCoverage,cvisb:DateRange,recommended,one,False,,,
cvisb:Dataset,spatialCoverage,rdf:Property,"The spatialCoverage of a CreativeWork indicates the place(s) which are the focus of the content. It is a subproperty of contentLocation intended primarily for more technical and detailed materials. For example with a Dataset, it indicates areas that the dataset describes: a dataset of New York weather would have spatialCoverage which was the place: the state of New York.",,schema:spatialCoverage,cvisb:Country,recommended,many,False,,,
cvisb:Dataset,author,rdf:Property,"Author of this dataset, can be a person or an organization",,schema:author,cvisb:Organization,required,many,False,,,
cvisb:Dataset,publisher,rdf:Property,"Publisher of this dataset, usually the host organization",,schema:publisher,cvisb:Organization,recommended,many,False,,,
cvisb:Dataset,_version,rdf:Property,"Version of dataset, auto-assigned by CViSB database",,schema:version,schema:Number,recommended,one,False,,,
cvisb:Dataset,schemaVersion,rdf:Property,Version of Dataset schema,,schema:schemaVersion,schema:Text,recommended,one,False,,,
cvisb:Dataset,distribution,rdf:Property,"A downloadable form of this dataset, at a specific location, in a specific format.",,,cvisb:DataDownload,required,many,False,,,
cvisb:Dataset,sourceCode,rdf:Property,"Computer programming source code. Example: Full (compile ready) solutions, code snippet samples, scripts, templates.",,,cvisb:SoftwareSourceCode,recommended,many,False,,,
cvisb:Dataset,publication,rdf:Property,"Journal article or other publication associated with the dataset (stored as an object, not a string)",,schema:publication,cvisb:ScholarlyArticle,recommended,many,False,,,
cvisb:Dataset,citation,rdf:Property,Citation string (not an object) for the journal article or other publication associated with the dataset,,schema:citation,schema:Text,recommended,many,False,,,
cvisb:Dataset,funder,rdf:Property,A person or organization that supports (sponsors) the collection of this dataset through some kind of financial contribution,,schema:funder,cvisb:Organization,recommended,many,False,,,
cvisb:Dataset,license,rdf:Property,"A license document that applies to this content, typically indicated by URL.",,schema:license,schema:URL,recommended,one,False,,,
,DateRange,rdfs:Class,"A derivation of the schema.org Date class, for explicit bounded or unbounded date ranges. Used in json validation.",schema:Date,schema:Date,,,,,,,
,DerivedSample,rdfs:Class,A schema describing a derived sample from a primary source in the Center for Viral Systems Biology,cvisb:Sample,,,,,,,,
cvisb:DerivedSample,sourceSampleID,rdf:Property,Sample ID for the primary source of the derived sample,,,"xsd:string, schema:Text",required,many,,,,
cvisb:DerivedSample,sourceSampleID,rdf:Property,Sample ID for the primary source of the derived sample,,,"xsd:string, schema:Text",required,many,,,,"['blood_purple-EDTA', 'blood_blue-citrate', 'blood_mixed', 'blood_unknown', 'urine', 'feces', 'organs', 'tissue', 'plasma', 'serum', 'buffy coat', 'PBMC', 'frozenPBMC-DNA', 'frozenPBMC-RNA', 'viralRNA', 'totalRNA', 'DNA']"
cvisb:DerivedSample,primarySampleDate,rdf:Property,"Date of *primary* sample creation/collection (e.g. blood draw, tissue sample, urine/feces collection) (YYYY-MM-DD)",,,"schema:Date, cvisb:DateRange",recommended,one,,,,
,ELISA,rdfs:Class,A schema describing an ELISA result for a Patient in the Center for Viral Systems Biology experiments,schema:Thing,,,,,,,,
cvisb:ELISA,virus,rdf:Property,Virus tested in ELISA (Ebola or Lassa),,,schema:Text,required,one,False,,,"['Ebola', 'Lassa']"
cvisb:ELISA,assayType,rdf:Property,"Type of ELISA: IgG, IgM, or Ag",,,schema:Text,required,one,False,,,"['IgG', 'IgM', 'Ag']"
cvisb:ELISA,ELISAresult,rdf:Property,"Result of ELISA, either positive/negative/indeterminate",,,schema:Text,required,one,False,,,"['positive', 'negative', 'indeterminate']"
cvisb:ELISA,ELISAvalue,rdf:Property,"Result of ELISA, as a quantitative calibrated value",,,schema:Number,recommended,one,False,,,
,Experiment,rdfs:Class,A schema describing an Experiment in the Center for Viral Systems Biology,schema:Thing,,,,,,,,
cvisb:Experiment,experimentID,rdf:Property,unique experiment ID created by the lab doing the experiment. One experiment can contain multiple batches,,,"xsd:string, schema:Text",required,one,False,,,
cvisb:Experiment,batchID,rdf:Property,unique batch ID created by the lab doing the experiment,,,"xsd:string, schema:Text",recommended,many,False,,,
cvisb:Experiment,name,rdf:Property,Descriptive name of the experiment,,schema:name,"xsd:string, schema:Text",optional,one,False,,,
cvisb:Experiment,description,rdf:Property,Short description of the experiment,,schema:description,"xsd:string, schema:Text",optional,one,False,,,
cvisb:Experiment,experimentDate,rdf:Property,Date or Date range of the Experiment,,,"schema:Date, cvisb:DateRange",required,one,False,,,
cvisb:Experiment,measurementTechnique,rdf:Property,"A technique or technology used in an Experiment (or Dataset or DataDownload, DataCatalog), corresponding to the method used for measuring the corresponding variable(s) (described using variableMeasured).",,schema:measurementTechnique,"xsd:string, schema:Text",recommended,many,False,,,
cvisb:Experiment,dateModified,rdf:Property,Date of last update (YYYY-MM-DD),,schema:dateModified,schema:Date,required,one,False,,,
cvisb:Experiment,_version,rdf:Property,"Version number of experiment, auto-assigned by CViSB database",,schema:version,schema:Number,recommended,one,False,,,
cvisb:Experiment,analysisCode,rdf:Property,"Computer programming source code. Example: Full (compile ready) solutions, code snippet samples, scripts, templates.",,,cvisb:SoftwareSourceCode,recommended,many,False,,,
cvisb:Experiment,sampleIDs,rdf:Property,List of public Samples used in the experiment,,,"xsd:string, schema:Text",required,many,False,,,
cvisb:Experiment,patientIDs,rdf:Property,List of patient IDs used within the experiment,,,"xsd:string, schema:Text",recommended,many,False,,,
,Organization,rdfs:Class,A schema describing an Organization for the Center for Viral Systems Biology,schema:Organization,schema:Organization,,,,,,,
cvisb:Organization,name,rdf:Property,Descriptive name of the Organization,,schema:name,"xsd:string, schema:Text",required,one,,,,
cvisb:Organization,alternateName,rdf:Property,Alternate name of the Organization,,schema:alternateName,"xsd:string, schema:Text",optional,many,,,,
cvisb:Organization,description,rdf:Property,Description of the Organization,,schema:description,"xsd:string, schema:Text",recommended,one,,,,
cvisb:Organization,url,rdf:Property,URL of the Organization,,schema:url,"xsd:string, schema:Text",recommended,one,,,,
cvisb:Organization,email,rdf:Property,email of the Organization; could also be specified in contactPoint,,schema:email,"xsd:string, schema:Text",optional,one,,,,
cvisb:Organization,award,rdf:Property,"Award won for this Organization. Typically, grant/award that is used to support the organization.",,schema:award,"xsd:string, schema:Text",recommended,many,,,,
cvisb:Organization,parentOrganization,rdf:Property,"The larger organization that this organization is a subOrganization of, if any",,schema:parentOrganization,cvisb:Organization,optional,one,,,,
cvisb:Organization,logo,rdf:Property,logo for the organization,,schema:logo,schema:URL,optional,one,,,,
cvisb:Organization,contactPoint,rdf:Property,Contact point for the Organization,,schema:contactPoint,cvisb:ContactPoint,recommended,one,,,,
cvisb:Organization,address,rdf:Property,Postal address for the Organization,,schema:address,cvisb:PostalAddress,optional,one,,,,
,Patient,rdfs:Class,A schema describing a Patient/Person in the Center for Viral Systems Biology experiments,health:Patient,,,,,,,,
cvisb:Patient,patientID,rdf:Property,"Unique, public ID for patient",,schema:identifier,schema:Text,required,one,False,,,
cvisb:Patient,alternateIdentifier,rdf:Property,"Alternative ID(s) used for patient (including G-number, S-number, or C-numbers, available to consortia members only)",,,schema:Text,optional,many,True,,,
cvisb:Patient,householdIdentifier,rdf:Property,Household ID for patient and associated contacts,,,schema:Text,required,one,False,,,
cvisb:Patient,dateModified,rdf:Property,Date on which the Patient metadata was most recently modified,,schema:dateModified,schema:Date,required,one,False,,,
cvisb:Patient,_version,rdf:Property,"Version number of patient, auto-assigned by CViSB database",,schema:version,schema:Number,recommended,one,False,,,
cvisb:Patient,cohort,rdf:Property,"Cohort for virus exposure: Ebola, Lassa, or Control",,,schema:Text,required,one,False,,,"['Ebola', 'Lassa', 'control']"
cvisb:Patient,outcome,rdf:Property,"Outcome for patient: control, survivor, contact, dead",,,schema:Text,required,one,False,,,"['control', 'survivor', 'contact', 'dead', 'unknown']"
cvisb:Patient,Country,rdf:Property,Country where Patient lives / was treated,,schema:geographicArea,cvisb:Country,required,one,False,,,
cvisb:Patient,homeLocation,rdf:Property,"A contact location for a person's residence. Should include country (Administrative Unit 0), district (Administrative Unit 2), chiefdom (Administrative Unit 3), Village + displaced GPS coordinates (optional)",,schema:homeLocation,"cvisb:AdministrativeArea, cvisb:Place",recommended,many,True,,,
cvisb:Patient,admitDate,rdf:Property,Date of admission,,,"schema:Date, cvsib:DateRange",optional,one,True,,,
cvisb:Patient,infectionDate,rdf:Property,"Approximate year of infection or contact with the virus. Based on self-reporting, so take it with a grain of salt.",,,cvisb:DateRange,optional,one,False,,,
cvisb:Patient,infectionDate,rdf:Property,"Approximate date / date range of infection or contact with the virus. Based on self-reporting, so take it with a grain of salt.",,,"schema:Date, cvisb:DateRange",optional,one,True,,,
cvisb:Patient,daysOnset,rdf:Property,Number of days between onset of symptoms and hospital admission,,,schema:Integer,optional,one,False,,,
cvisb:Patient,deathDate,rdf:Property,Date of death,,schema:deathDate,schema:Date,optional,one,True,,,
cvisb:Patient,gender,rdf:Property,Gender,,schema:gender,schema:GenderType,recommended,one,False,,,"['Male', 'Female', 'Unknown']"
schema:Text,relatedTo,rdf:Property,A list of related household contacts's patientIDs,,,schema:Text,optional,many,False,,,
cvisb:Patient,age,rdf:Property,Age at time of first presentation,,,schema:Integer,recommended,one,False,100.0,1.0,
cvisb:Patient,associatedSamples,rdf:Property,List of Sample IDs associated with the patient,,,"xsd:string, schema:Text",recommended,many,False,,,
cvisb:Patient,availableData,rdf:Property,List of available data and results (where known) for the patient,,,cvisb:ExperimentData,recommended,many,False,,,
cvisb:Patient,elisa,rdf:Property,"List of ELISA results (IgG, IgM, Ag for Ebola/Lassa antigen) for the patient",,,cvisb:ELISA,recommended,many,False,,,
cvisb:Patient,rapidDiagostics,rdf:Property,List of rapid Ebola/Lassa dipstick diagnostic results for the patient,,,cvisb:RDT,recommended,many,False,,,
cvisb:Patient,rtpcr,rdf:Property,List of RT-PCR results for the patient,,,cvisb:RTPCR,recommended,many,False,,,
,Person,rdfs:Class,"A schema describing a Person in the Center for Viral Systems Biology, mostly for the purposes of authorship of papers",schema:Person,schema:Person,,,,,,,
cvisb:Person,givenName,rdf:Property,"Given name. In the U.S., the first name of a Person. This can be used along with familyName instead of the name property.",,schema:Person,schema:Text,recommended,one,,,,
cvisb:Person,additionalName,rdf:Property,"An additional name for a Person, can be used for a middle name",,schema:Person,schema:Text,recommended,one,,,,
cvisb:Person,familyName,rdf:Property,"Family name. In the U.S., the last name of an Person. This can be used along with givenName instead of the name property.",,schema:Person,schema:Text,recommended,one,,,,
cvisb:Person,name,rdf:Property,"Full name of the person-- concatenation of givenName, additionalName, familyName. givenName, additionalName, and familyName are the preferred way of specifying the name.",,schema:Person,schema:Text,recommended,one,,,,
,Place,rdfs:Class,A schema describing a geographic Place in the Center for Viral Systems Biology. Used typically to specify exact GPS coordinates,schema:Place,schema:Place,,,,,,,
cvisb:Place,geo,rdf:Property,Geocoordinates of the place,,schema:geo,"schema:GeoCoordinates, schema:GeoShape",optional,one,,,,
cvisb:Place,containedInPlace,rdf:Property,Additional administrative units that the GPS coordinates are located within,,schema:containedInPlace,cvisb:AdministrativeArea,optional,one,,,,
,PostalAddress,rdfs:Class,A schema describing an PostalAddress for the Center for Viral Systems Biology,schema:PostalAddress,schema:PostalAddress,,,,,,,
cvisb:PostalAddress,streetAddress,rdf:Property,"The street address. For example, 1600 Amphitheatre Pkwy",,schema:streetAddress,"xsd:string, schema:Text",required,one,,,,
cvisb:PostalAddress,streetAddress,rdf:Property,"The street address. For example, 1600 Amphitheatre Pkwy",,schema:streetAddress,"xsd:string, schema:Text",required,one,,,,
cvisb:PostalAddress,addressLocality,rdf:Property,"The locality (e.g. city). For example, Mountain View.",,schema:addressLocality,"xsd:string, schema:Text",required,one,,,,
cvisb:PostalAddress,addressRegion,rdf:Property,"The region (e.g. state/Adm 2). For example, CA.",,schema:addressRegion,"xsd:string, schema:Text",required,one,,,,
cvisb:PostalAddress,postalCode,rdf:Property,"The postal code. For example, 94043.",,schema:postalCode,"xsd:string, schema:Text",required,one,,,,
cvisb:PostalAddress,addressCountry,rdf:Property,"The country object (containing name, ISO code/identifier, link to ISO page)",,schema:addressCountry,cvisb:Country,required,one,,,,
,RDT,rdfs:Class,A schema describing a rapid diagnostic test result for a Patient in the Center for Viral Systems Biology experiments,schema:Thing,,,,,,,,
cvisb:RDT,virus,rdf:Property,Virus tested in ELISA (Ebola or Lassa),,,schema:Text,required,one,False,,,"['Ebola', 'Lassa']"
cvisb:RDT,RDTresult,rdf:Property,"Result of RDT, either positive/negative",,,schema:Text,required,one,False,,,"['positive', 'negative', 'indeterminate']"
,RTPCR,rdfs:Class,A schema describing a RT-PCR result for a Patient in the Center for Viral Systems Biology experiments,schema:Thing,,,,,,,,
cvisb:RTPCR,virus,rdf:Property,Virus tested in RT-PCR (Ebola or Lassa),,,schema:Text,required,one,False,,,"['Ebola', 'Lassa']"
cvisb:RTPCR,RTPCRresult,rdf:Property,"Result of RT-PCR, either positive/negative/indeterminate",,,schema:Text,required,one,False,,,"['positive', 'negative', 'indeterminate']"
cvisb:RTPCR,RTPCRvalue,rdf:Property,"Result of RT-PCR, Ct value",,,schema:Number,recommended,one,False,,,
,RepertoireSequencing,rdfs:Class,A schema describing a repertoire sequencing Experiment in the Center for Viral Systems Biology,cvisb:sequencingExperiment,,,,,,,,
cvisb:RepertoireSequencing,primerSet,rdf:Property,Primer set,,,"xsd:string, schema:Text",recommended,one,False,,,
cvisb:RepertoireSequencing,analysisVersion,rdf:Property,Analysis pipeline version,,,"xsd:string, schema:Text",recommended,one,False,,,
cvisb:RepertoireSequencing,abstarVersion,rdf:Property,Abstar Version,,,"xsd:string, schema:Text",recommended,one,False,,,
cvisb:RepertoireSequencing,germlineDatabase,rdf:Property,germline database name or URL,,,"xsd:string, schema:Text",recommended,one,False,,,
cvisb:RepertoireSequencing,germlineDBVersion,rdf:Property,Germline database version,,,"xsd:string, schema:Text",recommended,one,False,,,
,Sample,rdfs:Class,"A schema describing a sample the Center for Viral Systems Biology. Primary samples = blood draw, tissue sample, urine, or feces.  Derived are some sort of isolation/preparation of whole blood/tissue, e.g. plasma, sera, DNA, RNA, etc.",cvisb:Thing,,,,,,,,
cvisb:Sample,sampleID,rdf:Property,"unique ID for the derived sample; ideally, the combination of sampleType and isolationDate. Should not contain non-public IDs",,,"xsd:string, schema:Text",required,one,False,,,
cvisb:Sample,alternateIdentifier,rdf:Property,Alternate identifers for sample. Can contain private IDs.,,schema:alternateIdentifier,"xsd:string, schema:Text",optional,many,True,,,
cvisb:Sample,name,rdf:Property,Descriptive name of the derived sample,,schema:name,"xsd:string, schema:Text",optional,one,False,,,
cvisb:Sample,description,rdf:Property,Short description of the derived sample,,schema:description,"xsd:string, schema:Text",optional,one,False,,,
cvisb:Sample,patientID,rdf:Property,Unique public patient id,,,"xsd:string, schema:Text",required,one,False,,,
cvisb:Sample,visitCode,rdf:Property,"Visit code for the patient (day post hospitalization of blood draw for patients, visit number after initial for follow-up/contact)",,,"xsd:string, schema:Text",recommended,one,False,,,
cvisb:Sample,visitCode,rdf:Property,"Date of sample creation/collection (NOT date of blood draw/tissue collection, unless the sample is that primary sample) (YYYY-MM-DD)",,,"schema:Date, cvsib:DateRange",recommended,one,True,,,
cvisb:Sample,sampleType,rdf:Property,"Sample type. Primary types: ""blood_purple-EDTA"", ""blood_blue-citrate"", ""blood_mixed"", ""blood_unknown"", ""urine"", ""feces"", ""organs"", ""tissue""; Derived types: ""plasma"", ""serum"", ""buffy coat"", ""PBMC"", ""frozenPBMC-DNA"", ""frozenPBMC-RNA"", ""viralRNA"", ""totalRNA"", ""DNA""",,,"xsd:string, schema:Text",required,one,False,,,"['blood_purple-EDTA', 'blood_blue-citrate', 'blood_mixed', 'blood_unknown', 'urine', 'feces', 'organs', 'tissue', 'plasma', 'serum', 'buffy coat', 'PBMC', 'frozenPBMC-DNA', 'frozenPBMC-RNA', 'viralRNA', 'totalRNA', 'DNA']"
cvisb:Sample,derivedIndex,rdf:Property,"Integer expressing how far derived the sample is from the primary sample.  Primary sample (e.g. blood draw) has a derivedIndex=0; PBMC=1, ...",,,schema:Integer,recommended,one,False,,,
cvisb:Sample,sampleType,rdf:Property,Source of sample (human or rat),,,"xsd:string, schema:Text",recommended,one,False,,,"['human', 'rat']"
cvisb:Sample,protocolVersion,rdf:Property,Protocol version to isolate sample; either file name and/or version,,,"xsd:string, schema:Text",optional,many,False,,,
cvisb:Sample,protocolURL,rdf:Property,Link to protocol used to isolate sample,,,"xsd:string, schema:Text",optional,many,False,,,
cvisb:Sample,freezingBuffer,rdf:Property,What buffer was used to freeze the sample in; relevant for PBMC samples,,,"xsd:string, schema:Text",optional,one,False,,,
cvisb:Sample,dilutionFactor,rdf:Property,How much a plamsa sample has been diluted from its original isolation,,,"xsd:string, schema:Text",optional,one,False,,,
cvisb:Sample,AVLinactivated,rdf:Property,Whether a plasma or serum sample is AVL-inactivated,,,schema:Boolean,optional,one,False,,,
cvisb:Sample,location,rdf:Property,"Current location(s) for the sample, including Lab, number of aliquots, and when the info was last updated",,,cvisb:SampleLocation,recommended,many,True,,,
cvisb:Sample,dateModified,rdf:Property,Date of last update (YYYY-MM-DD),,schema:dateModified,schema:Date,required,one,False,,,
cvisb:Sample,_version,rdf:Property,"Version number of sample, auto-assigned by CViSB database",,schema:version,schema:Number,recommended,one,False,,,
,SampleLocation,rdfs:Class,A schema describing a the location of a sample in the Center for Viral Systems Biology,schema:Place,,,,,,,,
cvisb:SampleLocation,lab,rdf:Property,Current location of sample,,,"xsd:string, schema:Text",required,one,,,,"['KGH', 'TSRI-Andersen', 'MGH-Alter', 'TSRI-Briney', 'TSRI-Sullivan', 'Tulane-Schieffelin']"
cvisb:SampleLocation,numAliquots,rdf:Property,"Number of aliquots for a particular sampleID at a particular lab location. If sample has been used up, numAliquots = 0",,,schema:Integer,required,one,,,,
cvisb:SampleLocation,dateModified,rdf:Property,Date of last update (YYYY-MM-DD),,schema:dateModified,schema:Date,required,one,,,,
cvisb:SampleLocation,updatedBy,rdf:Property,Person who updated the sample location,,,"xsd:string, schema:Text",recommended,one,,,,
,ScholarlyArticle,rdfs:Class,A schema describing a ScholarlyArticle (a.k.a a paper) in the Center for Viral Systems Biology,schema:ScholarlyArticle,schema:ScholarlyArticle,,,,,,,
cvisb:ScholarlyArticle,identifier,rdf:Property,DOI for publication,,schema:identifier,schema:Text,recommended,one,,,,
cvisb:ScholarlyArticle,url,rdf:Property,url for publication,,schema:url,schema:URL,required,one,,,,
cvisb:ScholarlyArticle,author,rdf:Property,Author list of publication,,schema:author,cvisb:Person,recommended,many,,,,
cvisb:ScholarlyArticle,name,rdf:Property,Name of article,,schema:name,schema:Text,recommended,one,,,,
cvisb:ScholarlyArticle,datePublished,rdf:Property,Journal name for publication,,schema:datePublished,schema:Date,recommended,one,,,,
cvisb:ScholarlyArticle,pageStart,rdf:Property,"The page on which the work ends; for example ""135"" or ""xiii"".",,schema:pageStart,schema:Text,recommended,one,,,,
cvisb:ScholarlyArticle,pageEnd,rdf:Property,"The page on which the work ends; for example ""138"" or ""xvi"".",,schema:pageEnd,schema:Text,recommended,one,,,,
cvisb:ScholarlyArticle,journalName,rdf:Property,Name of journal/publication of the article,,,schema:Text,recommended,one,,,,
cvisb:ScholarlyArticle,issueNumber,rdf:Property,"Identifies the issue of publication; for example, ""iii"" or ""2"".",,schema:issueNumber,schema:Text,recommended,one,,,,
cvisb:ScholarlyArticle,volumeNumber,rdf:Property,"Identifies the volume of publication or multi-part work; for example, ""iii"" or ""2"".",,schema:volumeNumber,schema:Text,recommended,one,,,,
,SequencingExperiment,rdfs:Class,A schema describing a Sequencing Experiment in the Center for Viral Systems Biology,cvisb:Experiment,,,,,,,,
cvisb:SequencingExperiment,sequencingTechnology,rdf:Property,Sequencing Technology (e.g. Illumina),,,"xsd:string, schema:Text",recommended,one,False,,,
cvisb:SequencingExperiment,sequencingPlatform,rdf:Property,Sequencing Platform (e.g. MiSeq),,,"xsd:string, schema:Text",recommended,one,False,,,
cvisb:SequencingExperiment,instrumentID,rdf:Property,Sequencing instrument ID,,,"xsd:string, schema:Text",recommended,one,False,,,
cvisb:SequencingExperiment,sequencingCenter,rdf:Property,"Sequencing Center (e.g. TSRI, Broad)",,,"xsd:string, schema:Text",recommended,one,False,,,
cvisb:SequencingExperiment,readLength,rdf:Property,read length,,,schema:Integer,recommended,one,False,,,
,SoftwareSourceCode,rdfs:Class,A schema describing SoftwareSourceCode in the Center for Viral Systems Biology,schema:SoftwareSourceCode,schema:SoftwareSourceCode,,,,,,,
cvisb:SoftwareSourceCode,identifier,rdf:Property,DOI or unique identifier for code,,schema:identifier,"xsd:string, schema:Text",optional,one,,,,
cvisb:SoftwareSourceCode,@id,rdf:Property,"A unique identifier for the software code, preferably a DOI",,schema:identifier,schema:URL,recommended,one,False,,,
cvisb:SoftwareSourceCode,name,rdf:Property,Name of code,,schema:name,"xsd:string, schema:Text",recommended,one,,,,
cvisb:SoftwareSourceCode,description,rdf:Property,Description of code,,schema:description,"xsd:string, schema:Text",optional,one,,,,
cvisb:SoftwareSourceCode,codeRepository,rdf:Property,"Link to the repository where the un-compiled, human readable code and related code is located (SVN, github, CodePlex).",,schema:codeRepository,schema:URL,required,one,,,,
cvisb:SoftwareSourceCode,programmingLanguage,rdf:Property,Computer programming language.,,schema:programmingLanguage,"xsd:string, schema:Text",optional,many,,,,
cvisb:SoftwareSourceCode,author,rdf:Property,Author(s) of the code repository,,schema:author,"cvisb:Person, cvisb:Organization",recommended,many,,,,
cvisb:SoftwareSourceCode,publication,rdf:Property,"Journal article or other publication associated with the dataset (stored as an object, not a string)",,schema:publication,cvisb:ScholarlyArticle,recommended,many,,,,
cvisb:SoftwareSourceCode,citation,rdf:Property,Citation string (not an object) for the journal article or other publication associated with the dataset,,schema:citation,schema:Text,recommended,many,,,,
cvisb:SoftwareSourceCode,license,rdf:Property,Computer programming language.,,schema:license,"schema:URL, xsd:string, schema:Text",recommended,one,,,,
cvisb:SoftwareSourceCode,datePublished,rdf:Property,Date of first broadcast/publication,,schema:datePublished,schema:Date,recommended,one,,,,
cvisb:SoftwareSourceCode,dateModified,rdf:Property,Date on which the code was most recently modified,,schema:dateModified,schema:Date,recommended,one,,,,
,SystemsSerology,rdfs:Class,A schema describing a Systems Serology Experiment in the Center for Viral Systems Biology,schema:Thing,,,,,,,,
cvisb:SystemsSerology,assayType,rdf:Property,"Type of Systems Serology assay.  Options: ADNP, ADCD, ADCP, NKD-CD107a, NKD-IFNg, NKD-MIP-1b",,,"xsd:string, schema:Text",required,many,False,,,"['ADNP', 'ADCD', 'ADCP', 'NKD-CD107a', 'NKD-IFNg', 'NKD-MIP-1b']"
cvisb:SystemsSerology,assayReadout,rdf:Property,"Type of assay readout, such as phagocytic score, C3 deposition MFI",,,"xsd:string, schema:Text",recommended,many,False,,,"['phagocytic score', 'C3 deposition MFI']"
cvisb:SystemsSerology,sampleDilution,rdf:Property,Dilution of sample,,,"xsd:string, schema:Text",recommended,many,False,,,
cvisb:SystemsSerology,assayResult,rdf:Property,Assay result,,,"xsd:string, schema:Text",recommended,many,False,,,
