Class,@type,variable,description,authenticated,marginality,cardinality,enumeration,minimum,maximum,derived_from,schema:sameAs
,rdfs:Class,Accelerometry,A schema describing a single accelerometry datapoint collected from patients in the Center for Viral Systems Biology.,,,,,,,cvisb:Data,
cvisb:Accelerometry,rdf:Property,time,Date and time of Accelerometry measurement,False,recommended,one,,,,,
cvisb:Accelerometry,rdf:Property,x,Displacement of the body / sensor in the x-direction,False,required,one,,,,,
cvisb:Accelerometry,rdf:Property,y,Displacement of the body / sensor in the y-direction,False,required,one,,,,,
cvisb:Accelerometry,rdf:Property,z,Displacement of the body / sensor in the z-direction,False,required,one,,,,,
,rdfs:Class,AdministrativeArea,"A schema describing a geographic AdministrativeArea in the Center for Viral Systems Biology. Used typically to specify province, district, village, etc. for regions of a Country. Note that for Administrative Unit 0 `Country` should be used instead",,,,,,,cvisb:Place,schema:AdministrativeArea
cvisb:AdministrativeArea,rdf:Property,name,"Name of the adminstrative area, e.g. Sierra Leone",True,required,one,"['Southern', 'Eastern', 'Northern', 'Western', 'North West', 'Pujehun', 'Port Loko', 'Bonthe', 'Bo', 'Kambia', 'Kailahun', 'Koinadugu', 'Bombali', 'Moyamba', 'Kenema', 'Tonkolili', 'Kono', 'Western Area Rural', 'Western Area Urban', 'Yakemu Kpukumu', 'Koya', 'Bureh Kasseh Ma', 'Panga Kabonde', 'Galliness Perri', 'Kpaka', 'Bum', 'Komboya', 'Valunia', 'Barri', 'Buya Romende', 'Bramaia', 'Kpanda Kemo', 'Kwamebai Krim', 'Nongoba Bullom', 'Sittia', 'Makpele', 'Malen', 'Mono Sakrim', 'Sowa', 'Panga krim', 'Penguia', 'Pejeh(Futa peje', 'Soro Gbema', 'Bendu-Cha', 'Sulima', 'Dema', 'Imperri', 'Jong', 'Sanda Loko', 'Sogbeni', 'Yawbeko', 'Dasse', 'Selenga', 'Bagruwa', 'Bonthe Urban', 'Bumpeh', 'Simbaru', 'Fakunya', 'Gaura', 'Kagboro', 'Luawa', 'Kandu Leppiama', 'Kowa', 'Kaiyamba', 'Lower Banta', 'Kongbora', 'Kamajei', 'Langrama', 'Bagbo', 'Kori', 'Dama', 'Ribbi', 'Boama', 'Dodo', 'Timdale', 'Upper Banta', 'Gorama Mende', 'Koya', 'Lower Bambara', 'Malegohun', 'Niawa', 'Njaluahun', 'Nomo', 'Nongowa', 'Small Bo', 'Wandor', 'Tunkia', 'Kenema Town', 'Dea', 'Jawie', 'Kissi Kama', 'Kissi Teng', 'Kissi Tongi', 'Kpeje Bongre', 'Kpeje West', 'Malema', 'Mandu', 'Gbinle Dixing', 'Upper Bambara', 'Jaiama Bongor', 'Yawei', 'Badjia', 'Bagbwe(Bagbe)', 'Bumpe Ngao', 'Gbo', 'Kakua', 'Kalansogoia', 'Marampa', 'Lugbu', 'Tikonko', 'Niawa Lenga', 'Maforki', 'Wonde', 'Bo Town', 'Dibia', 'Kunike Barina', 'Gbonkolenken', 'Kafe Simiria', 'Malal Mara', 'Kholifa Mabang', 'Kholifa Rowala', 'Kunike', 'Dembelia - Sink', 'Sambaya', 'Tane', 'Yoni', 'Kaffu Bullom', 'Lokomasama', 'Masimera', 'Sanda Magbolont', 'Fiama', 'TMS', 'Lei', 'Soa', 'Gbane', 'Gbane Kandor', 'Gbense', 'Kamara', 'Mafindor', 'Nimikoro', 'Tankoro', 'Koidu Town', 'Nimiyama', 'Sandor', 'Toli', 'Diang', 'Folosaba Dembel', 'Kasunko', 'Wara Wara Bafod', 'Mongo', 'Neya', 'Sengbe', 'Nieni', 'Mambolo', 'Wara Wara Yagal', 'Biriwa', 'Gbanti Kamarank', 'Bombali Sebora', 'Gbendembu Ngowa', 'Libeisaygahun', 'Magbaimba Ndorhahun', 'Paki Masabong', 'Makari Gbanti', 'Safroko Limba', 'Sanda Tendaran', 'Sella Limba', 'Tambakha', 'Makeni Town', 'Magbema', 'Masungbala', 'Samu', 'Tonko Limba', 'Koya Rural', 'Mountain Rural', 'Waterloo Rural', 'York Rural', 'Central I', 'East I', 'East II', 'Central II', 'West III', 'West I', 'West II', 'Gorama Kono', 'East III', 'Tasso Island', 'Bagollay', 'Bapawa', 'Batowa', 'Bekowa', 'Deyombo', 'Fortune', 'Kpukumu', 'Seiwoh', 'Yabai', 'Mathirie', 'Rogbla', 'Bakoi', 'Jakema II', 'Kemo-Bo', 'Banyande', 'Pelegbulor', 'Jassende Kpeima', 'Jassende Masaoma', 'Kabonde', 'Fikie', 'Tongowa', 'Vanjelu', 'Dakona', 'Gbengain', 'Kondogbe', 'Petifu Bana', 'Gbondubum', 'Duramania', 'Senjehun', 'Sewama', 'Taokunor', 'Kwako Lanten', 'Massa Settie', 'Mosenten Sahen II', 'Tubla', 'Bohol', 'Bullom', 'Garinga', 'Gbangbassa', 'Gbap', 'Hahun', 'Kessie', 'Manyime', 'Pelewahun', 'Salma', 'Solon', 'Torma Subu', 'Sahaya', 'Sahn-Gbegu', 'Sampoh', 'Roponka', 'Fallay', 'Jougba', 'Karjei', 'Bondor', 'Dabeni', 'Laimba', 'Malla', 'Sonjour I', 'Sonjour II', 'Tetima', 'Jassende Ngoleima', 'Dakona', 'Gendema I', 'Gendema II', 'Jakema I', 'Kemo-wa', 'Joya', 'Kemokai', 'Kortugbu', 'Mallah', 'Mewah', 'Jassende Ngoleima', 'Nyango - Njeigbla', 'Nyango-Ngoleihun', 'Parvu', 'Sarbah', 'Lower Kayiemba', 'Samba', 'Upper Kayiemba', 'Kengo', 'Panga', 'Pessekeh', 'Setti-Yakanday', 'Samagbe', 'Kakpanda', 'Seitua', 'Gbomotie', 'Selimeh', 'Bahoin', 'Kahaimoh', 'Kemoh', 'Sabba II', 'Korwa', 'Lower Pemba', 'Seijeila', 'Taukunor', 'Sowa', 'Upper Pemba', 'Kemoh', 'Makpondo', 'Masanda Majagbe', 'Pullie', 'Sitta', 'Fassei', 'Nimima', 'Pemagbie', 'Samba', 'Somasa', 'Koilenga', 'Pejeh East', 'Pejeh West', 'Kemokai', 'Kengo', 'Kiazombo', 'Mano - River', 'Massaquoi I', 'Massaquoi II', 'Moiwebu', 'Sabba I', 'Upper Geoma', 'Zoker I', 'Zoker II', 'Zombo', 'Lower Geoma', 'Gba-Cha', 'Sokenteh', 'Laylay', 'Tissagbe', 'Yallan-gbokie', 'Koimato', 'Lanje', 'Tamba', 'Torma', 'Yargbe', 'Tun-Tun Sullay', 'Yawma', 'Chepo', 'Dema', 'Yoh', 'Yikie Karbay', 'Turtle Islands', 'Babum', 'Bapus', 'Bigo', 'Baoma', 'Moimaligie', 'Basiaka', 'Bayengbe', 'Sokrapan', 'Beyinga', 'Falewuja', 'Kumabeh-Kwe', 'Landi-Ngere', 'Timbo', 'Sopan-Cleveland', 'Tucker-Nyambe', 'Bewoni', 'Gbonge', 'Bamba', 'Gonoh', 'Kamai', 'Kwalloh', 'Moh', 'Ngepay', 'Saama', 'Yoni', 'Bakumba', 'Beyorgboh', 'Ndopie', 'Pengor', 'Baryegbe', 'Hahun', 'Ketaway', 'Semabu', 'Old Town', 'Mobulie', 'Yorma', 'Kawaya', 'Bonthe Town', 'Benduma', 'Bambuibu Tommy', 'Kigbai', 'Mani', 'Bongoya', 'Mokassi', 'Moseilolo', 'Bellentin', 'Palima', 'Sembehun', 'Wonkifore', 'Bumpeh', 'Greema', 'Saiama', 'Kassipoto', 'Mamu', 'Domboma', 'Massah', 'Moforay', 'Mokebbie', 'Motobon', 'Moyemi', 'Foya Tewei', 'Samu', 'Yengessa', 'Jayahun', 'Kenema', 'Mano', 'Niti Korley', 'Taninahun Gomoh', 'Taninahun Kapuima', 'Timindi', 'Fallay', 'Fakoi', 'Gandorhun Central', 'Kovella', 'Sandaru', 'Kpangulgo', 'Kunyafoi', 'Maninga', 'Njawa', 'Songo', 'Mobeh', 'Tangbla', 'To - Ndambalenga', 'Mofindor', 'Tullu', 'Bendu A', 'Gbuallay', 'Sembehun', 'Bendu B', 'Bumpetoke', 'Mano', 'Konolor', 'Mambo', 'Mofuss', 'Mokandor', 'Borley', 'Mokebe', 'Mokobo', 'Rembe', 'Mamanka', 'Mopaileh', 'Moyah', 'Moyibo', 'Ngiehun', 'Tassoh', 'Moforay', 'Thumba A', 'Thumba B', 'Tabe', 'Yondu', 'Angigboya', 'Koromboya', 'Mofindoh', 'Kpange', 'Lungili', 'Mobonor', 'Mendegelema', 'Waliwahun', 'Lombama', 'Mosoe', 'Kowama', 'Mogbuama', 'Ngiegombu', 'Ngoahun', 'Tawovehun', 'Gibina', 'Gondama', 'Korjei', 'Mokorewo', 'Mongere', 'Kpangbalia', 'Mosongla', 'Mowoto', 'Senehun', 'Taninihun', 'Tongieh', 'Zone - 1', 'Zone - 2', 'Zone - 3', 'Zone - 4', 'Zone - 5', 'Zone - 6', 'Zone - 7', 'Kpandobu', 'Fowai', 'Mosumana', 'Ngiyeiya', 'Njagbahun', 'Njama', 'Tawoveihun', 'Bengelloh', 'Mokotawa', 'Gbangbatoke', 'Largoh', 'Kukuna', 'Ndendemoya', 'Ngolala', 'Njagbahun', 'Wulbange', 'Kentineh', 'Makera', 'Klajie', 'Masanka', 'Masarakulay', 'Motonkoh', 'Mobureh', 'Motoni', 'Kimaya', 'Upper Ribbi', 'Yoni', 'Karteh', 'Bembellor', 'Gambia', 'Gbehan', 'Kamasunu', 'Kambotoke', 'Mendekelema', 'Kebail', 'Mandu', 'Mye', 'Nonkoba', 'Sahan', 'Tombeh', 'Yapoma', 'Bei-Kelleh', 'Kenafallay', 'Kepay', 'Mogongbe', 'Songbo', 'Dakowa', 'Danyadejo', 'Dassama', 'Lower Dabor', 'Upper Dabor', 'Bambara', 'Bonya', 'Bundoryama', 'Gorama', 'Korgay', 'Seiwor', 'Giebu', 'Joru', 'Kokoru', 'Biatong', 'Famanjo', 'Kaklawa', 'Kualley', 'Gboro-Lokoma', 'Karga', 'Sonnie', 'Laminaia', 'Joi', 'Koya Gbundohun', 'Menima', 'Serabu', 'Upper Koya', 'Sansangie', 'Njeiwoma', 'Bonya', 'Korjei Ngieya', 'Seduya', 'Fallay', 'Gboro', 'Korjei Buima', 'Konjo Buiima', 'Nyawa', 'Sei', 'Hulorhun Njagbudor', 'Hulorhun Njeigor', 'Konjo Njeigor', 'Konjo Yematanga', 'Lower Torgboma', 'Upper Torgboma', 'Bandawor', 'Kpatawa', 'Gboo', 'Mabondor', 'Niawa', 'Vaama', 'Faama', 'Ngiebu', 'Dagbanya', 'Dakpana', 'Kona Foiya', 'Bundoryama', 'Gbo Kakajama B', 'Kona Kpindibu', 'Gbo Lambayama B', 'Kagbado Kamboima', 'Kagbado Njeigbla', 'Fonde', 'Yalenga', 'Fallay', 'Gorama', 'Niawa', 'Kamboma', 'Niawa', 'Sowa', 'Songhai', 'Daru', 'Gegbwema', 'Giewoma', 'Jewahun', 'Tongorwa', 'Shekaia', 'Kuawuma', 'Taninahun', 'Boryongor', 'Gbogbeima', 'Kemoh', 'Airfield', 'Gbo Kakajama A-Bur', 'Gbo Kakajama A-Lum', 'Bulima', 'Gbo Lambayama A-Le', 'Gbo Lambayama A-Re', 'Gbo Kakajama A-Tec', 'Gbo Kakajama A-Nja', 'Gbo Kakajama A-Kpa', 'Gbo Kakajama A-Kis', 'Sulaimania', 'Gbo Kakajama A-Shi', 'Gbo Lambayama A-Nd', 'Gbo Lambayama A-Ny', 'Gbo Lambayama A-Fo', 'Gbo Kakajama A-Lam', 'Gbo Lambayama A-Go', 'Gbo Lambayama A-RT', 'Kumatandu', 'Gbo Lambayama A-Ko', 'Baiwalla', 'Dodo', 'Sakiema', 'Sienga', 'Mahera', 'Bobor', 'Kaio', 'Lower Giebu', 'Lower Luyengeh', 'Mano', 'Teneba Bramaia', 'Sowa', 'Upper Giebu', 'Upper Luyengeh', 'Dakaleley', 'Kama Teng', 'Gao', 'Kama Toh', 'Bumasadu', 'Konio', 'Kundu', 'Mano-Sewallu', 'Lela', 'Torli', 'Bende Bengu', 'Tongi Tingi', 'Konio', 'Pokorli', 'Bongre', 'Borkou', 'Falloh', 'Jorwu', 'Manowa', 'Marwei', 'Mende Buima', 'Seimaya', 'Bunumbu', 'Golama', 'Kpaewa', 'Kpindima', 'Baoma', 'Gbela', 'Giehun', 'Lower Kpombali', 'Luawa Foguiya', 'Upper Kpombali', 'Bamburu', 'Njagbla', 'Pelegbambeima', 'Upper Sami', 'Gbongre', 'Levuma Jeigbla', 'Lower Kuiva', 'Jonga', 'Upper Kuiva', 'Bombowa', 'Dan Sei', 'Falley', 'Fauya', 'Turaya', 'Kargbu', 'Keimaya', 'Lower Nyawa', 'Sei I', 'Sei II', 'Upper Nyawa', 'Gbinle', 'Bambara', 'Bomaru-guma', 'Goleiwoma', 'Lower Baimba', 'Mano', 'Golu', 'Korbu', 'Naiahun', 'Bendu', 'Kuiva Buima', 'Kuiva Jagor', 'Kuivawa', 'Damai', 'Fallay', 'Kpallay', 'Niagorehun', 'Njargbahun', 'Sei', 'Bum', 'Gorapon', 'Jimmi', 'Tissana', 'Jongo', 'Kemoh', 'Niawa', 'Nyallay', 'Samawa', 'Bambawo', 'Fallay', 'Lower Pataloo', 'Upper Kama', 'Mawojeh', 'Njeima', 'Sonnah', 'Upper Pataloo', 'Kemoh', 'Bongo', 'Bumpe', 'Foya', 'Kpetema', 'Sahn', 'Serabu', 'Sewama', 'Taninahun', 'Nyawa', 'Walihun', 'Yengema', 'Gbo', 'Maryu', 'Lower Kama', 'Lower Niawa', 'Nekpondo', 'Tongowa', 'Upper Baimba', 'Upper Niawa', 'Korjeh', 'Kpandobu', 'Mangaru', 'Sei', 'Nguabu', 'Nyallay', 'Nyawa', 'Keisua', 'Kamakathie', 'Samamie', 'Sewa', 'Sindeh', 'Lunsar-Robis', 'Gao', 'Kamba', 'Kargbevu', 'Kemoh', 'Bainyawa', 'Magbao', 'Yorma', 'Kamakilla', 'Baimba', 'Mambawa', 'Lower Niawa', 'Upper Niawa', 'Yalenga', 'Kaduawo', 'Mokpendeh', 'Morku', 'Magbankitha', 'Ngolamajie', 'Njagbla I', 'Yarlenga', 'Njagbla II', 'Deilenga', 'Kendebu', 'Central Kargoi', 'Seiwa', 'Sendeh', 'Magbengbeh', 'Lunia', 'Ngovo', 'Seilenga', 'Lower Kargoi', 'Manyeh', 'Upper Kargoi', 'East Ward-Batiema', 'East Ward-Bumpeh-W', 'East Ward-Gbondo T', 'East Ward-Kindia T', 'East Ward-Lower Sa', 'East Ward-Manjama', 'East Ward-Messima', 'East Ward-Moriba T', 'North Ward-Bo Numb', 'North Ward-Kissy Town', 'Makump', 'West Ward-Kandeh T', 'North Ward-Njai To', 'Kasokira', 'North Ward-Reservation', 'West Ward-Lewabu -', 'Masaba', 'West Ward-Moriba T', 'West Ward-Nikibu -', 'West Ward-Njagboim', 'Lower Massakong', 'Petifu Mayawa A', 'Lower Polie', 'Petifu Mayawa B', 'Simiria', 'Rogbalan', 'Mayeppoh', 'Fuladugu', 'Marunia', 'Petifu Mayeppoh', 'Upper Massakong', 'Upper Polie', 'Yiben', 'Yele Manowo', 'Mabonto', 'Kakallain', 'Kabaia', 'Kamarugu', 'Makelfa', 'Makontande', 'Mayaso', 'Lower Section', 'Upper Section', 'Mabilafu', 'Kumrabai', 'Bo Road', 'Mabang', 'Marunia Sakie', 'Lal-Lenken', 'Makump', 'Mamuntha', 'Mayatha', 'Massebay', 'Mayossoh', 'Old Magburaka', 'Mamurie', 'Makali', 'Makong', 'Masingbi', 'Mathonkara', 'Wonkibor', 'Lunsar-Madigbo', 'Makoba', 'Rolal', 'Sanda', 'Lunsar-Mamanso', 'Semorkanie', 'Thamah', 'Thambaya', 'Wana', 'Lunsar-Mines', 'Yenkeh', 'Kiamp Kakolo', 'Lunsar-Old Town', 'Malal', 'Numula 5', 'Manewa', 'Mara', 'Matanka', 'Sambaya', 'Rochen', 'Borowah', 'Maboboh Koray', 'Mapakie', 'Buyan', 'Dayie', 'Makrugbeh', 'Mange-bana', 'Mabureh Mende', 'Mathunkara', 'Mange Morie', 'Malanchor', 'Matotoka', 'Makeni Rokefula', 'Foindu', 'Gaindema', 'Macrogba', 'Magbengbe', 'Malompor', 'Petifu-Lower', 'Karine', 'Marenka', 'Minthormore', 'Mamaka', 'Masengbe', 'Kalangba', 'Mayira', 'Petifu Upper', 'Ronietta', 'Kambia Morie', 'Konta Ferry', 'Mabombo', 'Makana', 'Yoni', 'Barmoi', 'Kagbanthama', 'Kaiyeabor', 'Romeni', 'Rotifunk', 'Yali-Sanda', 'Kayembor', 'Foredugu', 'Filligungee', 'Gbaran Kamba', 'Kamasundu', 'Mabureh Buya', 'Konta Kargbo', 'Manungbu', 'Robis', 'Rokel', 'Rosint', 'Worreh Mapoteh', 'Mafonda', 'Makabari', 'Foronkoya', 'Kasongha', 'Lungi', 'Mahera', 'Yongro', 'Mamanki', 'Mayaya', 'Rosint', 'Fondu', 'Magbandoma', 'Benkia', 'Gbabai', 'Foredugu', 'Futa', 'Kagbala A', 'Kagbala B', 'Magbeni', 'Marefa', 'Matene', 'Rosarr', 'Mawoma', 'Robia', 'Rokel', 'Sanda', 'Tumba', 'Benkia', 'Gbainty', 'Kamasondo', 'Kantaya', 'Katonga', 'Komrabai', 'Konta', 'Magbokorr', 'Mannah', 'Mapiterr', 'Matheng', 'Petifu', 'Royema', 'Batpolon', 'Falaba', 'Fenka', 'Gberray Bana', 'Gberray Morie', 'Gberray Thunkara', 'Gbonko Mayira', 'Kabata', 'Komrabai-Waterloo', 'Kondato', 'Maboni', 'Maforay', 'Magbeni', 'Makorobolai', 'Malal', 'Mamanso', 'Mapolie', 'Maronko', 'Mathera', 'Moria', 'Old Port Loko', 'Lunsar-Technical', 'Romaka', 'Rosarr', 'Sanda', 'Lunsar-Path Bana', 'Sendugu', 'Tauya', 'Lunsar-Baipolon', 'Lunsar-Four Road -', 'Lunsar-Kenneday', 'Lunsar-Mabai', 'Magbele', 'Mange', 'Marampa', 'Biki', 'Mawullay', 'Petifu Madina', 'Rogballan', 'Rolankonoh', 'Masimera', 'Biss-Manika', 'Katick', 'Maconteh', 'Mamalikie', 'Matuku', 'Mayola-Thatha', 'Nonkoba', 'Rokel', 'Masien', 'Rokon/Komboya', 'Yoni-Pet', 'Bankro', 'Gbaneh-Loko', 'Kokar', 'Gbogbodo', 'Gbonko', 'Kantia', 'Layamantmetank', 'Magbolontor', 'Malkiya', 'Mankneh', 'Menthen', 'Robis', 'Rotigbonko', 'Sendugu', 'Gbaray Bana', 'Kambia', 'Kanu', 'Kargbo', 'Konkorie', 'Mafonikay', 'Magbafth', 'Magbapsa', 'Sangbada', 'Malakuray', 'Maron', 'Robombeh', 'Tasso Island', 'Dumbia', 'Fiama', 'Tensendakor', 'Kooma', 'Yorkor', 'Gbikidakor', 'Kamara', 'Maikandor', 'Gbane Kandor', 'Gbane Kour', 'Gbane Tetema', 'Gbendekor', 'Yanbidu', 'Bassia', 'Banfinfeh', 'Banyafeh', 'Banyakor', 'Moindefeh', 'Moindekor', 'Dangbaidu', 'Gbondu', 'Kongofinja', 'Sukudu', 'Dia', 'Kamara', 'Kensay', 'Lei', 'Tankoro', 'Tingi-Kor', 'Yawai', 'Kamiendor', 'Kutey', 'Mafindor', 'Bafinfeh', 'Bandafafeh', 'Njama', 'Gbogboafeh', 'Jaiama', 'Masayiefeh', 'Gbense-Sina Town', 'Bafinfeh', 'Bafinfeh', 'Gbense-Moindekor', 'Dangbaidu', 'Njeikor', 'Foidu Mongor', 'Gbense-Moindefeh', 'Kokongokuma', 'Maindu', 'Mofinkor', 'Sawa Buma', 'Tensekor', 'Tankoro', 'Woafeh', 'Bawadu', 'Tankoro-Kinsey', 'Tankoro-New Sembeh', 'Tankoro-Lebanon', 'Tankoro-Kwaquima', 'Kunbulun 1', 'Kunbulun 2', 'Manan', 'Mawundea', 'Numula 1', 'Numula 2', 'Numula 3', 'Numula 4', 'Sinkunia', 'Darakuru', 'Gbenekoro', 'Kania', 'Kondembaia', 'Lengekoro', 'Sokurala', 'Balandugu', 'Dogoloya', 'Fissaya I', 'Fissaya II', 'Nomokoya', 'Gbentu III', 'Herekor', 'Kalia', 'Kakallain', 'Kamba', 'Lagor', 'Gbonkobor', 'Musaia', 'Sankan I', 'Sankan II', 'Kaponpon', 'Kasunko', 'Kayaka', 'Tamiso I', 'Tamiso II', 'Benadugu', 'Deldugu', 'Mankalia', 'Mongo I', 'Mongo II', 'Kalangba', 'Morifindugu', 'Kulor', 'Neya I', 'Neya II', 'Heremakono', 'Nyedu', 'Barawa', 'Pampakoh', 'Kalian', 'Bendugu', 'Wollay', 'Yiffin', 'Semamaia', 'Koinadugu', 'Lower Kamadugu', 'Bilimaia', 'Biribaia', 'Dara', 'Upper Kamadugu', 'Yiraia', 'Yogomaia', 'Falaba', 'Fudea', 'Ganya', 'Gberia Fotombu', 'Gberia-Timbako', 'Kaliyereh', 'Kambaia', 'Koindu-Kura', 'Sonkoya', 'Bafodia', 'Kadanso', 'Kakoya', 'Mambolo', 'Kamanikie', 'Kamayortortor', 'Kambalia', 'Kambia', 'Taelia', 'Zone 1', 'Zone 2', 'Zone 3', 'Zone 4', 'Zone 5', 'Zone 6', 'Zone 7', 'Kabakeh/Balandugu', 'Bumban', 'Bumbandain', 'Karassa', 'Kagbankuna', 'Kamabai', 'Kamaranka', 'Karina', 'Kayonkoro', 'Makumray A', 'Kafala', 'Kagbaran Dokom B', 'Makumray B', 'Konta', 'Matotoka', 'Gbenkfay', 'Gbonkobana', 'Kambia', 'Kayourgbor', 'Laminaya', 'Makulon', 'Rogberay', 'Romaneh', 'Royeama A', 'Royeama B', 'Sakuma A', 'Sakuma B', 'Sendugu A', 'Sendugu B', 'Garanganwa', 'Makarihiteh', 'Makump', 'Gbendembu', 'Kalangba', 'Kania', 'Makeregbohun', 'Lobanga', 'Lohindie', 'Loko-Madina', 'Makai', 'Mamaka', 'Mamukay', 'Tanyehun', 'Masongbo', 'Matehun', 'Mayorthan', 'Sahun', 'Tambiama', 'Batkanu', 'Mafonda', 'Magbaingba', 'Magbanamba', 'Makaiba', 'Makayrembay', 'Simbaya', 'Mandawahun', 'Manyakoi', 'Mayankay', 'Robaka', 'Rotha-Tha', 'Hunduwa', 'Kababala', 'Kagberay', 'Kawungulu', 'Kathegeya', 'Makendema', 'Mambiama', 'Manjahagha', 'Sokudala', 'Yana', 'Gborbana', 'Mabanta', 'Magbenteh', 'Mangay', 'Mankene', 'Masongbo A', 'Rosint', 'Masongbo B', 'Punthun', 'Kathanthan', 'Tonkoba', 'Yainkassa', 'Mapaki', 'Masabong', 'Mayagba', 'Rosanda', 'Maparay', 'Binkolo', 'Bombali Bana', 'Kabonka', 'Kasengbeh', 'Kayassi', 'Mabamba', 'Masapi', 'Banka', 'Benia', 'Kaindema', 'Kamalu', 'Kania', 'Kindia', 'Laminaya', 'Rothatha', 'Madina', 'Maharibo', 'Makapa', 'Makwie Loko', 'Manathi', 'Kalangba', 'Kukuna', 'Marampa', 'Masisan', 'Mateboi', 'Rogbin', 'Rogboreh', 'Rosos', 'Sendugu', 'Yankabala', 'Bugami', 'Kamakwie', 'Kamankoh', 'Kayimbor', 'Magbonkoni I', 'Magbonkoni II', 'Manonkoh', 'Samia', 'Dugutha', 'Makari Gbanti - Mi', 'Moria', 'Paramount Chief Se', 'Simibue', 'Thalla', 'Bombali Sebora - B', 'Makari Gbanti -Mas', 'Bombali Sebora - K', 'Bombali Sebora - Makeni', 'Bombali Sebora - R', 'Bombali Sebora - T', 'Bombali Sebora - W', 'Banguraia', 'Fortumboyie', 'Gberekhuray', 'Gbolon', 'Kabaya', 'Kanku Bramaia', 'Kua Bramaia', 'Katalan', 'Mafaray', 'Maton', 'Rogberay', 'Sanda', 'Tawuya', 'Bombe', 'Kamba', 'Kambia', 'Kargbulor', 'Robat', 'Rokupr', 'Tormina', 'Kalenkay', 'Matetie', 'Mayakie', 'Robis', 'Rowollon', 'Tombo-Wallah', 'Bamoi', 'Mange', 'Benna', 'Kawula', 'Kayenkassa', 'Mapolon', 'Maserie', 'Matengha', 'Matilba', 'Nonko', 'Samu', 'Sumbuya', 'Thalla', 'Bubuya', 'Kpanga Koimato', 'Kassiri', 'Koya', 'Kychom', 'Lusenia', 'Mafufuneh', 'Makuma', 'Mapotolon', 'Moribaia', 'Rokon', 'Rosinor', 'Bubuya', 'Kathanthineh', 'Magbonkoh', 'Sowonde', 'Mamankoh', 'Fabaina Area', 'Madonkeh', 'Magbafti', 'Malambay', 'Newton', 'Songo', 'Bathurst', 'Charlotte', 'Gloucester', 'Leicester', 'Regent', 'Benguema Village A', 'Campbell Town Vill', 'Waterloo Village A', 'Hastings Village A', 'Gbendembu', 'Goderich-Adonkia/M', 'Goderich-Funkia', 'Hamilton', 'Kent', 'Albert Academy', 'Kossoh Town', 'Sattia/Tombo', 'York', 'Bombay', 'Mountain Regent', 'Sorie Town', ""Susan's Bay"", 'Tower Hill', 'Connaught Hospital', 'Sanders Brook', 'Cline Town', 'Fourah Bay', 'Coconut Farm/ Asho', 'Foulah Town', 'Ginger Hall', 'Kissy Brook', 'Magazine', 'Mount Aureol', 'Quarry', 'Congo Water I', 'Allen Town I', 'Congo Water II', 'Allen Town II', 'Bottom Oku', 'Grass Field', 'Industrial Estate', 'Kuntolor', 'Jalloh Terrace', 'Kissy Brook', 'Lowcost Housing', 'Kissy Bye Pass I', 'Mamba Ridge I', 'Mamba Ridge II', 'Kissy Bye Pass II', 'Kissy Mental', 'Kissy Mess Mess', 'Mayenkineh', 'Old Warf', 'Njaifeh', 'Pamuronko', 'Portee', 'Thunderhill', 'Robis', 'Rokupa', 'Shell', 'Cockerill-Aberdeen', 'Ascension Town', 'Brookfields', 'Kingtom', 'Kroo Town', 'Brookfields-Congo', 'Brookfields-Red Pu', 'Congo Town', 'George Brook (Dwor', 'New England-Hannes', 'New England-Hill C', 'Cockle-Bay /Colleg', 'Tengbeh Town', 'Aberdeen', 'Hill Station', 'Juba/Kaningo', 'Njagbakahun', 'Lumley', 'Malama/Kamayama', 'Murray Town', 'Pipeline/Wilkinson', 'Wilberforce', 'Lower Sami', 'Jagor', 'Ngiewoma-Njeigor', 'Kufuru', 'Gorahun', 'Gbane Yemao', 'Mongo', 'Bunabu', 'Kangama', 'Selokoma', 'Koaro', 'Peyifeh', 'Tama', 'Fakongofeh', 'Kawafeh', 'Samgbafeh', 'Sinkongofeh', 'Sumunjifeh', 'Tharma Forest', 'Yawatanda', 'Sawa Fiama', 'Komadu', 'Kwidu', 'Konta', 'Kamassassa', 'Yebaya', 'Marunia Koray', 'Saradu', 'Sumbaria', 'Kahekay', 'Yurika', 'Ba-Kobotu', 'Benkeh', 'Njagbema', 'Yeima', 'Lower Ribbi', 'Pembaar', 'Abia', 'Adamawa', 'Akwa Ibom', 'Anambra', 'Bauchi', 'Bayelsa', 'Benue', 'Borno', 'Cross River', 'Delta', 'Ebonyi', 'Edo', 'Ekiti', 'Enugu', 'Federal Capital Territory', 'Gombe', 'Imo', 'Jigawa', 'Kaduna', 'Kano', 'Katsina', 'Kebbi', 'Kogi', 'Kwara', 'Lagos', 'Nasarawa', 'Niger', 'Ogun', 'Ondo', 'Osun', 'Oyo', 'Plateau', 'Rivers', 'Sokoto', 'Taraba', 'Yobe', 'Zamfara', 'Aba North', 'Aba South', 'Arochukwu', 'Bende', 'Ikwuano', 'Isiala-Ngwa North', 'Isiala-Ngwa South', 'Isiukwuato', 'Obi Ngwa', 'Ohafia', 'Osisioma Ngwa', 'Ugwunagbo', 'Ukwa East', 'Ukwa West', 'Umu-Nneochi', 'Umuahia North', 'Umuahia South', 'Demsa', 'Fufore', 'Ganye', 'Girei', 'Gombi', 'Guyuk', 'Hong', 'Jada', 'Lamurde', 'Madagali', 'Maiha', 'Mayo-Belwa', 'Michika', 'Mubi North', 'Mubi South', 'Numan', 'Shelleng', 'Song', 'Toungo', 'Yola North', 'Yola South', 'Abak', 'Eastern Obolo', 'Eket', 'Esit - Eket', 'Essien Udim', 'Etim Ekpo', 'Etinan', 'Ibeno', 'Ibesikpo Asutan', 'Ibiono Ibom', 'Ika', 'Ikono', 'Ikot Abasi', 'Ikot Ekpene', 'Ini', 'Itu', 'Mbo', 'Mkpat Enin', 'Nsit Atai', 'Nsit Ibom', 'Nsit Ubium', 'Obot Akara', 'Okobo', 'Onna', 'Oron', 'Oruk Anam', 'Udung Uko', 'Ukanafun', 'Uruan', 'Urue-Offong/Oruko', 'Uyo', 'Aguata', 'Anambra East', 'Anambra West', 'Anaocha', 'Awka North', 'Awka South', 'Ayamelum', 'Dunukofia', 'Ekwusigo', 'Idemili North', 'Idemili South', 'Ihiala', 'Njikoka', 'Nnewi North', 'Nnewi South', 'Ogbaru', 'Onitsha North', 'Onitsha South', 'Orumba North', 'Orumba South', 'Oyi', 'Alkaleri', 'Bauchi', 'Bogoro', 'Damban', 'Darazo', 'Dass', 'Gamawa', 'Ganjuwa', 'Giade', 'Itas/Gadau', ""Jama'are"", 'Katagum', 'Kirfi', 'Misau', 'Ningi', 'Shira', 'Tafawa-Balewa', 'Toro', 'Warji', 'Zaki', 'Brass', 'Ekeremor', 'Kolokuma/Opokuma', 'Nembe', 'Ogbia', 'Sagbama', 'Southern Ijaw', 'Yenegoa', 'Ado', 'Agatu', 'Apa', 'Buruku', 'Gboko', 'Guma', 'Gwer East', 'Gwer West', 'Katsina-Ala', 'Konshisha', 'Kwande', 'Logo', 'Makurdi', 'Obi', 'Ogbadibo', 'Ohimini', 'Oju', 'Okpokwu', 'Oturkpo', 'Tarka', 'Ukum', 'Ushongo', 'Vandeikya', 'Abadam', 'Askira/Uba', 'Bama', 'Bayo', 'Biu', 'Chibok', 'Damboa', 'Dikwa', 'Gubio', 'Guzamala', 'Gwoza', 'Hawul', 'Jere', 'Kaga', 'Kala/Balge', 'Konduga', 'Kukawa', 'Kwaya Kusar', 'Mafa', 'Magumeri', 'Maiduguri', 'Marte', 'Mobbar', 'Monguno', 'Ngala', 'Nganzai', 'Shani', 'Abi', 'Akamkpa', 'Akpabuyo', 'Bekwara', 'Biase', 'Boki', 'Calabar-Municipal', 'Calabar South', 'Etung', 'Ikom', 'Obanliku', 'Obubra', 'Obudu', 'Odukpani', 'Ogoja', 'Yakurr', 'Yala', 'Bakassi', 'Aniocha North', 'Aniocha South', 'Bomadi', 'Burutu', 'Ethiope East', 'Ethiope West', 'Ika North East', 'Ika South', 'Isoko North', 'Isoko South', 'Ndokwa East', 'Ndokwa West', 'Okpe', 'Oshimili North', 'Oshimili South', 'Patani', 'Sapele', 'Udu', 'Ughelli North', 'Ughelli South', 'Ukwuani', 'Uvwie', 'Warri North', 'Warri South', 'Warri South West', 'Abakaliki', 'Afikpo North', 'Afikpo South', 'Ebonyi', 'Ezza North', 'Ezza South', 'Ikwo', 'Ishielu', 'Ivo', 'Izzi', 'Ohaozara', 'Ohaukwu', 'Onicha', 'Akoko-Edo', 'Egor', 'Esan Central', 'Esan North East', 'Esan South East', 'Esan West', 'Etsako Central', 'Etsako East', 'Etsako West', 'Igueben', 'Ikpoba-Okha', 'Oredo', 'Orhionmwon', 'Ovia North East', 'Ovia South West', 'Owan East', 'Owan West', 'Uhunmwonde', 'Ado Ekiti', 'Aiyekire (Gbonyin)', 'Efon', 'Ekiti East', 'Ekiti South West', 'Ekiti West', 'Emure', 'Ido-Osi', 'Ijero', 'Ikere', 'Ikole', 'Ilejemeji', 'Irepodun/Ifelodun', 'Ise/Orun', 'Moba', 'Oye', 'Aninri', 'Awgu', 'Enugu East', 'Enugu North', 'Enugu South', 'Ezeagu', 'Igbo-Etiti', 'Igbo-Eze North', 'Igbo-Eze South', 'Isi-Uzo', 'Nkanu East', 'Nkanu West', 'Nsukka', 'Oji-River', 'Udenu', 'Udi', 'Uzo-Uwani', 'Abaji', 'Abuja Municipal', 'Bwari', 'Gwagwalada', 'Kuje', 'Kwali', 'Akko', 'Balanga', 'Billiri', 'Dukku', 'Funakaye', 'Gombe', 'Kaltungo', 'Kwami', 'Nafada', 'Shomgom', 'Yamaltu/Deba', 'Aboh-Mbaise', 'Ahiazu-Mbaise', 'Ehime-Mbano', 'Ezinihitte', 'Ideato North', 'Ideato South', 'Ihitte/Uboma', 'Ikeduru', 'Isiala Mbano', 'Isu', 'Mbaitoli', 'Ngor-Okpala', 'Njaba', 'Nkwerre', 'Nwangele', 'Obowo', 'Oguta', 'Ohaji/Egbema', 'Okigwe', 'Orlu', 'Orsu', 'Oru East', 'Oru West', 'Owerri-Municipal', 'Owerri North', 'Owerri West', 'Unuimo', 'Auyo', 'Babura', 'Biriniwa', 'Birni Kudu', 'Buji', 'Dutse', 'Gagarawa', 'Garki', 'Gumel', 'Guri', 'Gwaram', 'Gwiwa', 'Hadejia', 'Jahun', 'Kafin Hausa', 'Kaugama', 'Kazaure', 'Kiri Kasamma', 'Kiyawa', 'Maigatari', 'Malam Madori', 'Miga', 'Ringim', 'Roni', 'Sule-Tankarkar', 'Taura', 'Yankwashi', 'Birnin-Gwari', 'Chikun', 'Giwa', 'Igabi', 'Ikara', 'Jaba', ""Jema'a"", 'Kachia', 'Kaduna North', 'Kaduna South', 'Kagarko', 'Kajuru', 'Kaura', 'Kauru', 'Kubau', 'Kudan', 'Lere', 'Markafi', 'Sabon-Gari', 'Sanga', 'Soba', 'Zango-Kataf', 'Zaria', 'Ajingi', 'Albasu', 'Bagwai', 'Bebeji', 'Bichi', 'Bunkure', 'Dala', 'Dambatta', 'Dawakin Kudu', 'Dawakin Tofa', 'Doguwa', 'Fagge', 'Gabasawa', 'Garko', 'Garum Mallam', 'Gaya', 'Gezawa', 'Gwale', 'Gwarzo', 'Kabo', 'Kano Municipal', 'Karaye', 'Kibiya', 'Kiru', 'Kumbotso', 'Kunchi', 'Kura', 'Madobi', 'Makoda', 'Minjibir', 'Nasarawa', 'Rano', 'Rimin Gado', 'Rogo', 'Shanono', 'Sumaila', 'Takai', 'Tarauni', 'Tofa', 'Tsanyawa', 'Tudun Wada', 'Ungogo', 'Warawa', 'Wudil', 'Bakori', 'Batagarawa', 'Batsari', 'Baure', 'Bindawa', 'Charanchi', 'Dan Musa', 'Dandume', 'Danja', 'Daura', 'Dutsi', 'Dutsin-Ma', 'Faskari', 'Funtua', 'Ingawa', 'Jibia', 'Kafur', 'Kaita', 'Kankara', 'Kankia', 'Katsina', 'Kurfi', 'Kusada', ""Mai'adua"", 'Malumfashi', 'Mani', 'Mashi', 'Matazu', 'Musawa', 'Rimi', 'Sabuwa', 'Safana', 'Sandamu', 'Zango', 'Aleiro', 'Arewa-Dandi', 'Argungu', 'Augie', 'Bagudo', 'Birnin Kebbi', 'Bunza', 'Dandi', 'Fakai', 'Gwandu', 'Jega', 'Kalgo', 'Koko/Besse', 'Maiyama', 'Ngaski', 'Sakaba', 'Shanga', 'Suru', 'Wasagu/Danko', 'Yauri', 'Zuru', 'Adavi', 'Ajaokuta', 'Ankpa', 'Bassa', 'Dekina', 'Ibaji', 'Idah', 'Igalamela-Odolu', 'Ijumu', 'Kabba/Bunu', 'Kogi', 'Lokoja', 'Mopa-Muro', 'Ofu', 'Ogori/Magongo', 'Okehi', 'Okene', 'Olamabolo', 'Omala', 'Yagba East', 'Yagba West', 'Asa', 'Baruten', 'Edu', 'Ekiti', 'Ifelodun', 'Ilorin East', 'Ilorin South', 'Ilorin West', 'Irepodun', 'Isin', 'Kaiama', 'Moro', 'Offa', 'Oke-Ero', 'Oyun', 'Pategi', 'Agege', 'Ajeromi-Ifelodun', 'Alimosho', 'Amuwo-Odofin', 'Apapa', 'Badagry', 'Epe', 'Eti-Osa', 'Ibeju/Lekki', 'Ifako-Ijaye', 'Ikeja', 'Ikorodu', 'Kosofe', 'Lagos Island', 'Lagos Mainland', 'Mushin', 'Ojo', 'Oshodi-Isolo', 'Shomolu', 'Surulere', 'Akwanga', 'Awe', 'Doma', 'Karu', 'Keana', 'Keffi', 'Kokona', 'Lafia', 'Nasarawa-Eggon', 'Nasarawa', 'Obi', 'Toto', 'Wamba', 'Agaie', 'Agwara', 'Bida', 'Borgu', 'Bosso', 'Chanchaga', 'Edati', 'Gbako', 'Gurara', 'Katcha', 'Kontagora', 'Lapai', 'Lavun', 'Magama', 'Mariga', 'Mashegu', 'Mokwa', 'Muya', 'Paikoro', 'Rafi', 'Rijau', 'Shiroro', 'Suleja', 'Tafa', 'Wushishi', 'Abeokuta North', 'Abeokuta South', 'Ado-Odo/Ota', 'Egbado North', 'Egbado South', 'Ewekoro', 'Ifo', 'Ijebu East', 'Ijebu North', 'Ijebu North East', 'Ijebu Ode', 'Ikenne', 'Imeko-Afon', 'Ipokia', 'Obafemi-Owode', 'Odeda', 'Odogbolu', 'Ogun waterside', 'Remo North', 'Shagamu', 'Akoko North East', 'Akoko North West', 'Akoko South East', 'Akoko South West', 'Akure North', 'Akure South', 'Ese-Odo', 'Idanre', 'Ifedore', 'Ilaje', 'Ile-Oluji-Okeigbo', 'Irele', 'Odigbo', 'Okitipupa', 'Ondo East', 'Ondo West', 'Ose', 'Owo', 'Aiyedade', 'Aiyedire', 'Atakumosa East', 'Atakumosa West', 'Boluwaduro', 'Boripe', 'Ede North', 'Ede South', 'Egbedore', 'Ejigbo', 'Ife Central', 'Ife East', 'Ife North', 'Ife South', 'Ifedayo', 'Ifelodun', 'Ila', 'Ilesha East', 'Ilesha West', 'Irepodun', 'Irewole', 'Isokan', 'Iwo', 'Obokun', 'Odo-Otin', 'Ola-oluwa', 'Olorunda', 'Oriade', 'Orolu', 'Osogbo', 'Afijio', 'Akinyele', 'Atiba', 'Atigbo', 'Egbeda', 'Ibadan North', 'Ibadan North East', 'Ibadan North West', 'Ibadan South East', 'Ibadan South West', 'Ibarapa Central', 'Ibarapa East', 'Ibarapa North', 'Ido', 'Irepo', 'Iseyin', 'Itesiwaju', 'Iwajowa', 'Kajola', 'Lagelu', 'Ogbomosho North', 'Ogbomosho South', 'Ogo Oluwa', 'Olorunsogo', 'Oluyole', 'Ona-Ara', 'Orelope', 'Ori Ire', 'Oyo East', 'Oyo West', 'Saki East', 'Saki West', 'Surulere', 'Barikin Ladi', 'Bassa', 'Bokkos', 'Jos East', 'Jos North', 'Jos South', 'Kanam', 'Kanke', 'Langtang North', 'Langtang South', 'Mangu', 'Mikang', 'Pankshin', ""Qua'an Pan"", 'Riyom', 'Shendam', 'Wase', 'Abua/Odual', 'Ahoada East', 'Ahoada West', 'Akuku Toru', 'Andoni', 'Asari-Toru', 'Bonny', 'Degema', 'Eleme', 'Emohua', 'Etche', 'Gokana', 'Ikwerre', 'Khana', 'Obia/Akpor', 'Ogba/Egbema/Ndoni', 'Ogu/Bolo', 'Okrika', 'Omumma', 'Opobo/Nkoro', 'Oyigbo', 'Port-Harcourt', 'Tai', 'Binji', 'Bodinga', 'Dange-Shuni', 'Gada', 'Goronyo', 'Gudu', 'Gwadabawa', 'Illela', 'Isa', 'Kebbe', 'Kware', 'Rabah', 'Sabon Birni', 'Shagari', 'Silame', 'Sokoto North', 'Sokoto South', 'Tambuwal', 'Tangaza', 'Tureta', 'Wamako', 'Wurno', 'Yabo', 'Ardo-Kola', 'Bali', 'Donga', 'Gashaka', 'Gassol', 'Ibi', 'Jalingo', 'Karim-Lamido', 'Kurmi', 'Lau', 'Sardauna', 'Takum', 'Ussa', 'Wukari', 'Yorro', 'Zing', 'Bade', 'Bursari', 'Damaturu', 'Fika', 'Fune', 'Geidam', 'Gujba', 'Gulani', 'Jakusko', 'Karasuwa', 'Machina', 'Nangere', 'Nguru', 'Potiskum', 'Tarmua', 'Yunusari', 'Yusufari', 'Anka', 'Bakura', 'Birnin Magaji', 'Bukkuyum', 'Bungudu', 'Gummi', 'Gusau', 'Kaura Namoda', 'Maradun', 'Maru', 'Shinkafi', 'Talata Mafara', 'Tsafe', 'Zurmi']",,,,schema:name
cvisb:AdministrativeArea,rdf:Property,alternateName,"Alternative name of the admin area, for instance in a different language",True,optional,many,,,,,schema:alternateName
cvisb:AdministrativeArea,rdf:Property,administrativeType,"Type of administative area, e.g. province (Adm 1), district (Adm 2), chiefdom (Adm 3), village (Adm 4)",True,required,one,"['province', 'district', 'chiefdom', 'village', 'Federal Capital Territory', 'state', 'Local Government Area', 'ward']",,,,
cvisb:AdministrativeArea,rdf:Property,administrativeUnit,"level of administative area, e.g. 1: province, 2: district, 3: chiefdom, 4: village for Sierra Leone",True,recommended,one,"[0, 1, 2, 3, 4, None]",,,,
cvisb:AdministrativeArea,rdf:Property,identifier,"identifier  / short name for administrative area. Note: where possible, align to governmental codes for the Administrative Area",True,optional,one,,,,,schema:identifier
,rdfs:Class,AndersenSequencing,"A schema describing a HLA, viral, or metagenome sequencing Experiment in the Center for Viral Systems Biology",,,,,,,cvisb:sequencingExperiment,
cvisb:AndersenSequencing,rdf:Property,analysisVersion,Analysis pipeline version,False,recommended,one,,,,,
cvisb:AndersenSequencing,rdf:Property,metagenomeDatabase,metagenome database,False,recommended,one,,,,,
cvisb:AndersenSequencing,rdf:Property,metagenomeDBVersion,metagenome database version,False,recommended,one,,,,,
cvisb:AndersenSequencing,rdf:Property,assemblyReference,Reference for assembly,False,recommended,one,,,,,
cvisb:AndersenSequencing,rdf:Property,alignmentReference,Reference for alignment,False,recommended,one,,,,,
cvisb:AndersenSequencing,rdf:Property,libraryKit,library kit,False,recommended,one,,,,,
cvisb:AndersenSequencing,rdf:Property,libraryVersion,library version,False,recommended,one,,,,,
cvisb:AndersenSequencing,rdf:Property,variantCallingType,Variant calling Type(Consensus/Reference),False,recommended,one,,,,,
cvisb:AndersenSequencing,rdf:Property,replicate,Replicate number,False,recommended,one,,,,,
,rdfs:Class,BodyTemperature,A schema describing a single core body temperature datapoint collected from patients in the Center for Viral Systems Biology.,,,,,,,cvisb:Data,
cvisb:BodyTemperature,rdf:Property,time,Date and time of BodyTemperature measurement,False,recommended,one,,,,,
cvisb:BodyTemperature,rdf:Property,bodyTemperature,"Core body temperature, in degrees Celsius",False,required,one,,,,,
,rdfs:Class,ComaScore,"A schema describing a series of observations about a patient, to calculate a Glasgow Coma Score in the Center for Viral Systems Biology experiments",,,,,,,schema:Thing,
cvisb:ComaScore,rdf:Property,daysSinceAdmit,"Number of days between the admission date and when when the coma score was evaluated. At initial clinical presentation, daysSinceAdmit = 0",False,recommended,one,,,,,
cvisb:ComaScore,rdf:Property,glasgowComaScore,Combined Glasgow Coma Score,False,recommended,one,,3.0,15.0,,
cvisb:ComaScore,rdf:Property,eyeOpening,"How a patient opens his/her eyes: Spontaneously (4), to speech (3), to pain (2), none (1)",False,recommended,one,,1.0,4.0,,
cvisb:ComaScore,rdf:Property,verbalResponse,"How a patient verbally communicates: oriented (5), confused (4), Inappropriate (3), Incomprehensible (2), none (1)",False,recommended,one,,1.0,5.0,,
cvisb:ComaScore,rdf:Property,motorResponse,"Motor response of patient: obeys commands (6), localizes to pain (5), withdraws from pain (4), flexion to pain (3), extension to pain (2), none (1)",False,recommended,one,,1.0,6.0,,
,rdfs:Class,ContactPoint,A schema describing a ContactPoint for the Center for Viral Systems Biology,,,,,,,schema:ContactPoint,schema:ContactPoint
cvisb:ContactPoint,rdf:Property,contactType,contact type of the contactPoint,False,required,one,"['technical support', 'customer support']",,,,schema:contactType
cvisb:ContactPoint,rdf:Property,url,url of the contactPoint,False,required,one,,,,,schema:url
cvisb:ContactPoint,rdf:Property,email,email of the contactPoint,False,recommended,one,,,,,schema:email
,rdfs:Class,Country,A schema describing a Country in the Center for Viral Systems Biology experiments,,,,,,,schema:Country,schema:Country
cvisb:Country,rdf:Property,identifier,"2 letter ISO code of the country, e.g. SL",False,recommended,one,"['SL', 'NG', 'LR', 'GN', None]",,,,schema:identifier
cvisb:Country,rdf:Property,url,Link to the ISO country page,False,recommended,one,"['https://www.iso.org/obp/ui/#iso:code:3166:SL', 'https://www.iso.org/obp/ui/#iso:code:3166:NG', 'https://www.iso.org/obp/ui/#iso:code:3166:LR', 'https://www.iso.org/obp/ui/#iso:code:3166:GN', None]",,,,schema:url
cvisb:Country,rdf:Property,name,"Name of the country, e.g. Sierra Leone",False,required,one,"['Sierra Leone', 'Nigeria', 'Liberia', 'Guinea']",,,,schema:name
cvisb:Country,rdf:Property,alternateName,"Alternative name of the country, for instance in a different language",False,optional,many,,,,,schema:alternateName
,rdfs:Class,Data,A schema describing generic Data in the Center for Viral Systems Biology. Data are typically a summarization of data collected in an experiment for a given sample.,,,,,,,schema:Thing,
cvisb:Data,rdf:Property,timepoint,"Description of when the data was taken (e.g. at survivor enrollment, initial presentation in hospital, etc.)",False,recommended,one,,,,,
cvisb:Data,rdf:Property,daysSinceAdmit,"Number of days between the admission date and when data were measured. At initial clinical presentation, daysSinceAdmit = 0",False,recommended,one,,,,,
,rdfs:Class,DataCatalog,A schema describing the DataCatalog for the Center for Viral Systems Biology experiments,,,,,,,schema:DataCatalog,schema:DataCatalog
cvisb:DataCatalog,rdf:Property,name,Descriptive name of the DataCatalog,False,required,one,,,,,schema:name
cvisb:DataCatalog,rdf:Property,alternateName,Alternate name of the DataCatalog,False,optional,many,,,,,schema:alternateName
cvisb:DataCatalog,rdf:Property,description,Short summary describing a DataCatalog,False,required,one,,,,,schema:description
cvisb:DataCatalog,rdf:Property,url,Location of a page describing the DataCatalog,False,optional,one,,,,,schema:url
cvisb:DataCatalog,rdf:Property,dataset,list of unique internal identifiers for the datasets associated with the DataCatalog,False,required,many,,,,,schema:dataset
cvisb:DataCatalog,rdf:Property,identifier,"A unique identifier for the DataCatalog. Note: should be an internal, CViSB identifier; DOIs should go in @id",False,recommended,one,,,,,schema:identifier
cvisb:DataCatalog,rdf:Property,@id,"A unique identifier for the DataCatalog, preferably a DOI",False,recommended,one,,,,,schema:identifier
cvisb:DataCatalog,rdf:Property,sameAs,URL to cross-reference other copies of the DataCatalog,False,optional,many,,,,,schema:sameAs
cvisb:DataCatalog,rdf:Property,keywords,Comma-seperated keywords to summarize the DataCatalog,False,recommended,many,,,,,schema:keywords
cvisb:DataCatalog,rdf:Property,datePublished,Date of first broadcast/publication,False,recommended,one,,,,,schema:datePublished
cvisb:DataCatalog,rdf:Property,dateModified,Date on which the DataCatalog was most recently modified,False,required,one,,,,,schema:dateModified
cvisb:DataCatalog,rdf:Property,updatedBy,Person who updated the data catalog data,True,recommended,one,,,,,
cvisb:DataCatalog,rdf:Property,temporalCoverage,"The temporalCoverage of a DataCatalog indicates the period that the content applies to, i.e. that it describes, either as a DateTime or as a textual string indicating a time period in ISO 8601 time interval format.",False,recommended,one,,,,,schema:temporalCoverage
cvisb:DataCatalog,rdf:Property,spatialCoverage,"The spatialCoverage of a CreativeWork indicates the place(s) which are the focus of the content. It is a subproperty of contentLocation intended primarily for more technical and detailed materials. For example with a DataCatalog, it indicates areas that the DataCatalog describes: a DataCatalog of New York weather would have spatialCoverage which was the place: the state of New York.",False,recommended,many,,,,,schema:spatialCoverage
cvisb:DataCatalog,rdf:Property,publisher,"Publisher of this DataCatalog, usually the host organization",False,recommended,many,,,,,schema:publisher
cvisb:DataCatalog,rdf:Property,_version,"Version of DataCatalog, auto-assigned by CViSB database",False,recommended,one,,,,,schema:version
cvisb:DataCatalog,rdf:Property,releaseVersion,"Formal release version of CViSB data catalog, manually created. Assigned in the style of https://semver.org/, where version number is formatted like MAJOR.MINOR.PATCH",False,required,one,,,,,schema:schemaVersion
cvisb:DataCatalog,rdf:Property,schemaVersion,Version of DataCatalog schema,False,recommended,one,,,,,schema:schemaVersion
cvisb:DataCatalog,rdf:Property,funder,A person or organization that supports (sponsors) the collection of this dataset through some kind of financial contribution,False,recommended,many,,,,,schema:funder
,rdfs:Class,DataDownload,A schema describing DataDownload in the Center for Viral Systems Biology,,,,,,,schema:DataDownload,
cvisb:DataDownload,rdf:Property,name,Descriptive name of the data file,False,required,one,,,,,schema:name
cvisb:DataDownload,rdf:Property,description,Short summary describing a data file,False,recommended,one,,,,,schema:description
cvisb:DataDownload,rdf:Property,includedInDataset,"A unique identifier for the Dataset that the DataDownload is contained in. Note: should be an internal, CViSB identifier;",False,required,one,,,,,schema:identifier
cvisb:DataDownload,rdf:Property,identifier,"A unique identifier for the DataDownload. Note: should be an internal, CViSB identifier; DOIs should go in @id",False,required,one,,,,,schema:identifier
cvisb:DataDownload,rdf:Property,@id,"A unique identifier for the dataset, preferably a DOI",False,recommended,one,,,,,schema:identifier
cvisb:DataDownload,rdf:Property,isBasedOn,"A reference to the identifier of a parent file(s), e.g. raw data that this analysis file is based on",False,recommended,many,,,,,schema:isBasedOn
cvisb:DataDownload,rdf:Property,_version,"Version of data file, auto-assigned by CViSB database",False,recommended,one,,,,,schema:version
cvisb:DataDownload,rdf:Property,contentUrl,URL pointing to the actual location of the file,False,required,one,,,,,schema:contentUrl
cvisb:DataDownload,rdf:Property,contentUrlRepository,"Name of the repository where the file is stored, e.g. the NIH's Sequence Read Archive",False,recommended,one,"['SRA', 'AWS', None]",,,,
cvisb:DataDownload,rdf:Property,contentUrlIdentifier,"Unique identifier used at the contentUrl location, for instance the NIH SRA id for the file/sample or Accession number",False,recommended,one,,,,,
cvisb:DataDownload,rdf:Property,publication,"Journal article or other publication associated with the dataset (stored as an object, not a string)",False,recommended,many,,,,,schema:publication
cvisb:DataDownload,rdf:Property,sameAs,URL to cross-reference other copies of the data file,False,optional,many,,,,,schema:sameAs
cvisb:DataDownload,rdf:Property,additionalType,"Type of data download file, such as raw data, processed data, summary data",False,required,one,"['raw data', 'analyzed data', 'summary data']",,,,
cvisb:DataDownload,rdf:Property,keywords,Comma-seperated keywords to summarize the DataDownload,False,recommended,many,,,,,schema:keywords
cvisb:DataDownload,rdf:Property,measurementTechnique,"A technique or technology used in a Dataset (or DataDownload, DataCatalog), corresponding to the method used for measuring the corresponding variable(s) (described using variableMeasured).",False,required,one,"['HLA sequencing', 'viral sequencing', 'metagenome sequencing', 'BCR sequencing', 'TCR sequencing', 'Systems Serology', 'Metabolomics', 'other']",,,,schema:measurementTechnique
cvisb:DataDownload,rdf:Property,encodingFormat,File extension,False,recommended,one,"['text/csv', 'text/plain', 'text/fasta', 'text/bed', 'text/html', 'application/json', 'application/bam', 'application/vnd.ms-excel', 'application/vnd.openxmlformats-officedocument.spreadsheetml.sheet', 'application/xml', 'application/zip', 'application/gzip', None]",,,,schema:encodingFormat
cvisb:DataDownload,rdf:Property,dateCreated,Date of first creation,False,recommended,one,,,,,schema:dateCreated
cvisb:DataDownload,rdf:Property,datePublished,Date of first broadcast/publication,False,recommended,one,,,,,schema:datePublished
cvisb:DataDownload,rdf:Property,dateModified,Date on which the DataDownload was most recently modified (YYYY-DD-MM),False,required,one,,,,,schema:dateModified
cvisb:DataDownload,rdf:Property,updatedBy,Person who updated the data download data,True,recommended,one,,,,,
cvisb:DataDownload,rdf:Property,author,"Author of this DataDownload, can be a person or an organization. Usually specified in Dataset object.",False,optional,many,,,,,schema:author
cvisb:DataDownload,rdf:Property,publisher,"Publisher of this dataset, usually the host organization",False,recommended,many,,,,,schema:publisher
cvisb:DataDownload,rdf:Property,sourceCode,"Computer programming source code. Example: Full (compile ready) solutions, code snippet samples, scripts, templates.",False,recommended,many,,,,,
cvisb:DataDownload,rdf:Property,experimentIDs,"Unique experimental ID that of the experiment that generated the data. Used as a handle into the metadata describing how the data were generated, processed, and analysed.",False,required,many,,,,,
,rdfs:Class,Dataset,"A schema describing Dataset in the Center for Viral Systems Biology. A dataset is a collection of data of a particular experimental type and may contain information on suspected Lassa cases, suspected Ebola cases, contacts of suspected cases, and/or controls.",,,,,,,schema:Dataset,
cvisb:Dataset,rdf:Property,name,Descriptive name of the dataset,False,required,one,,,,,schema:name
cvisb:Dataset,rdf:Property,description,Short summary describing a dataset,False,required,one,,,,,schema:description
cvisb:Dataset,rdf:Property,measurementTechnique,"A technique or technology used in a Dataset (or DataDownload, DataCatalog), corresponding to the method used for measuring the corresponding variable(s) (described using variableMeasured).",False,required,one,"['HLA sequencing', 'viral sequencing', 'metagenome sequencing', 'BCR sequencing', 'TCR sequencing', 'Systems Serology', 'Metabolomics', 'other']",,,,schema:measurementTechnique
cvisb:Dataset,rdf:Property,variableMeasured,"A technique or technology used in a Dataset (or DataDownload, DataCatalog), corresponding to the method used for measuring the corresponding variable(s) (described using variableMeasured).",False,optional,many,,,,,schema:variableMeasured
cvisb:Dataset,rdf:Property,url,Location of a page describing the dataset,False,optional,one,,,,,schema:url
cvisb:Dataset,rdf:Property,includedInDataCatalog,A data catalog which contains this dataset,False,recommended,many,,,,,schema:includedInDataCatalog
cvisb:Dataset,rdf:Property,identifier,"A unique identifier for the Dataset. Note: should be an internal, CViSB identifier; DOIs should go in @id",False,required,one,,,,,schema:identifier
cvisb:Dataset,rdf:Property,@id,"A unique identifier for the dataset, preferably a DOI",False,recommended,one,,,,,schema:identifier
cvisb:Dataset,rdf:Property,sameAs,URL to cross-reference other copies of the dataset,False,optional,many,,,,,schema:sameAs
cvisb:Dataset,rdf:Property,keywords,Comma-seperated keywords to summarize the dataset,False,recommended,many,,,,,schema:keywords
cvisb:Dataset,rdf:Property,datePublished,Date of first broadcast/publication,False,recommended,one,,,,,schema:datePublished
cvisb:Dataset,rdf:Property,dateModified,Date on which the dataset was most recently modified,False,required,one,,,,,schema:dateModified
cvisb:Dataset,rdf:Property,updatedBy,Person who updated the dataset data,True,recommended,one,,,,,
cvisb:Dataset,rdf:Property,temporalCoverage,"The temporalCoverage of a dataset indicates the period that the content applies to, i.e. that it describes, either as a DateTime or as a textual string indicating a time period in ISO 8601 time interval format.",False,recommended,one,,,,,schema:temporalCoverage
cvisb:Dataset,rdf:Property,spatialCoverage,"The spatialCoverage of a CreativeWork indicates the place(s) which are the focus of the content. It is a subproperty of contentLocation intended primarily for more technical and detailed materials. For example with a Dataset, it indicates areas that the dataset describes: a dataset of New York weather would have spatialCoverage which was the place: the state of New York.",False,recommended,many,,,,,schema:spatialCoverage
cvisb:Dataset,rdf:Property,author,"Author of this dataset, can be a person or an organization",False,required,many,,,,,schema:author
cvisb:Dataset,rdf:Property,publisher,"Publisher of this dataset, usually the host organization",False,recommended,many,,,,,schema:publisher
cvisb:Dataset,rdf:Property,_version,"Version of dataset, auto-assigned by CViSB database",False,recommended,one,,,,,schema:version
cvisb:Dataset,rdf:Property,schemaVersion,Version of Dataset schema,False,recommended,one,,,,,schema:schemaVersion
cvisb:Dataset,rdf:Property,dataDownloadIDs,"References to the CViSB ID for the DataDownload, where elements of the dataset can be downloaded. Used to link Datasets to DataDownloads",False,required,many,,,,,
cvisb:Dataset,rdf:Property,sourceCode,"Computer programming source code. Example: Full (compile ready) solutions, code snippet samples, scripts, templates.",False,recommended,many,,,,,
cvisb:Dataset,rdf:Property,publication,"Journal article or other publication associated with the dataset (stored as an object, not a string)",False,recommended,many,,,,,schema:publication
cvisb:Dataset,rdf:Property,citation,Citation string (not an object) for the journal article or other publication associated with the dataset,False,recommended,many,,,,,schema:citation
cvisb:Dataset,rdf:Property,funder,A person or organization that supports (sponsors) the collection of this dataset through some kind of financial contribution,False,recommended,many,,,,,schema:funder
cvisb:Dataset,rdf:Property,license,"A license document that applies to this content, typically indicated by URL.",False,recommended,one,,,,,schema:license
,rdfs:Class,DateRange,"A derivation of the schema.org Date class, for explicit bounded or unbounded date ranges. Used in json validation.",,,,,,,schema:Date,schema:Date
cvisb:DateRange,rdf:Property,lte,Inclusive upper bound of a date range,False,recommended,one,,,,,
cvisb:DateRange,rdf:Property,lt,Exclusive upper bound of a date range,False,recommended,one,,,,,
cvisb:DateRange,rdf:Property,gte,Inclusive lower bound of a date range,False,recommended,one,,,,,
cvisb:DateRange,rdf:Property,gt,Exclusive lower bound of a date range,False,recommended,one,,,,,
,rdfs:Class,DerivedSample,A schema describing a derived sample from a primary source in the Center for Viral Systems Biology,,,,,,,cvisb:Sample,
cvisb:DerivedSample,rdf:Property,sourceSampleID,Sample ID for the primary source of the derived sample,True,required,many,,,,,
cvisb:DerivedSample,rdf:Property,sourceSampleID,Sample ID for the primary source of the derived sample,False,required,one,"['blood_purple-EDTA', 'blood_blue-citrate', 'blood_mixed', 'blood_unknown', 'urine', 'feces', 'organs', 'tissue', 'plasma', 'serum', 'plasma_or_serum', 'buffy_coat', 'PBMC', 'frozenPBMC-DNA', 'frozenPBMC-RNA', 'viralRNA', 'totalRNA', 'DNA']",,,,
cvisb:DerivedSample,rdf:Property,primarySampleDate,"Date of *primary* sample creation/collection (e.g. blood draw, tissue sample, urine/feces collection) (YYYY-MM-DD)",True,recommended,one,,,,,
,rdfs:Class,DiastolicPressure,A schema describing a single diastolic blood pressure datapoint collected from patients in the Center for Viral Systems Biology.,,,,,,,cvisb:Data,
cvisb:DiastolicPressure,rdf:Property,time,Date and time of DiastolicPressure measurement,False,recommended,one,,,,,
cvisb:DiastolicPressure,rdf:Property,diastolicPressure,"Diastolic Pressure, in mmHg",False,required,one,,,,,
,rdfs:Class,ECGPoint,A schema describing a single ECG datapoint collected from patients in the Center for Viral Systems Biology.,,,,,,,cvisb:Data,
cvisb:ECGPoint,rdf:Property,time,Date and time of ECGPoint measurement,False,recommended,one,,,,,
cvisb:ECGPoint,rdf:Property,voltage,"ECG voltage, in mV",False,required,one,,,,,
,rdfs:Class,ELISA,A schema describing an ELISA result for a Patient in the Center for Viral Systems Biology experiments,,,,,,,schema:Thing,
cvisb:ELISA,rdf:Property,virus,Virus tested in ELISA (Ebola or Lassa),False,required,one,"['Ebola', 'Lassa']",,,,
cvisb:ELISA,rdf:Property,assayType,"Type of ELISA: IgG, IgM, or Ag",False,required,one,"['IgG', 'IgM', 'Ag']",,,,
cvisb:ELISA,rdf:Property,ELISAresult,"Result of ELISA, either positive/negative/indeterminate",False,recommended,one,"['positive', 'negative', 'indeterminate', None]",,,,
cvisb:ELISA,rdf:Property,ELISAvalue,"Result of ELISA, as a quantitative calibrated value",False,recommended,one,,,,,
cvisb:ELISA,rdf:Property,sampleID,sampleID associated with the ELISA measurement,True,optional,one,,,,,
cvisb:ELISA,rdf:Property,timepoint,"description of the time at which the ELISA was taken, e.g. at patient presentation, survivor enrollment etc.",False,recommended,one,,,,,
,rdfs:Class,Experiment,A schema describing an Experiment in the Center for Viral Systems Biology. An experiment is a measurement (specified by measurementTechnique) of a specific sample (e.g. a particular timepoint for a Patient).,,,,,,,schema:Thing,
cvisb:Experiment,rdf:Property,experimentID,unique experiment ID for that sample analysed by that experimental method,False,required,one,,,,,
cvisb:Experiment,rdf:Property,batchID,unique batch ID created by the lab doing the experiment,False,recommended,many,,,,,
cvisb:Experiment,rdf:Property,sampleID,Sample ID used in the experiment,True,recommended,one,,,,,
cvisb:Experiment,rdf:Property,patientID,Public Patient IDs used within the experiment,False,recommended,one,,,,,
cvisb:Experiment,rdf:Property,privatePatientID,Private Patient ID used within the experiment. Link to patient metadata properties,True,required,one,,,,,
cvisb:Experiment,rdf:Property,SRA_ID,ID used by the National Center for Biotechnology Information (NCBI) to identify the data within the Sequence Read Archive (SRA),False,recommended,one,,,,,
cvisb:Experiment,rdf:Property,GenBank_ID,"ID used to identify the data within GenBank, the NIH's genetic sequence database",False,recommended,one,,,,,
cvisb:Experiment,rdf:Property,name,Descriptive name of the experiment,False,optional,one,,,,,schema:name
cvisb:Experiment,rdf:Property,description,Short description of the experiment,False,optional,one,,,,,schema:description
cvisb:Experiment,rdf:Property,experimentDate,Date of the Experiment,False,recommended,one,,,,,
cvisb:Experiment,rdf:Property,measurementTechnique,"A technique or technology used in an Experiment (or Dataset or DataDownload, DataCatalog), corresponding to the method used for measuring the corresponding variable(s) (described using variableMeasured).",False,required,one,"['HLA sequencing', 'viral sequencing', 'metagenome sequencing', 'BCR sequencing', 'TCR sequencing', 'Systems Serology', 'Metabolomics', 'other']",,,,schema:measurementTechnique
cvisb:Experiment,rdf:Property,dateModified,Date of last update (YYYY-MM-DD),False,required,one,,,,,schema:dateModified
cvisb:Experiment,rdf:Property,updatedBy,Person who updated the experiment data,True,recommended,one,,,,,
cvisb:Experiment,rdf:Property,_version,"Version number of experiment, auto-assigned by CViSB database",False,recommended,one,,,,,schema:version
cvisb:Experiment,rdf:Property,publisher,"Publisher of this dataset, usually the host organization",False,recommended,one,,,,,schema:publisher
cvisb:Experiment,rdf:Property,publication,"Journal article or other publication associated with the dataset (stored as an object, not a string)",False,recommended,many,,,,,schema:publication
cvisb:Experiment,rdf:Property,analysisCode,"Computer programming source code. Example: Full (compile ready) solutions, code snippet samples, scripts, templates.",False,recommended,many,,,,,
cvisb:Experiment,rdf:Property,data,Data associated with the experiment. Typically summary values for that particular measurement.,False,recommended,many,,,,,
,rdfs:Class,HLAData,A schema describing Human Leukocyte Antigen (HLA) Genotype calls in the Center for Viral Systems Biology.,,,,,,,cvisb:Data,
cvisb:HLAData,rdf:Property,A,Genotype call for the A locus of HLA,False,required,many,,,,,
cvisb:HLAData,rdf:Property,B,Genotype call for the B locus of HLA,False,required,many,,,,,
cvisb:HLAData,rdf:Property,C,Genotype call for the C locus of HLA,False,required,many,,,,,
cvisb:HLAData,rdf:Property,DPA1,Genotype call for the DPA1 locus of HLA,False,required,many,,,,,
cvisb:HLAData,rdf:Property,DPB1,Genotype call for the DPB1 locus of HLA,False,required,many,,,,,
cvisb:HLAData,rdf:Property,DQA1,Genotype call for the DQA1 locus of HLA,False,required,many,,,,,
cvisb:HLAData,rdf:Property,DQB1,Genotype call for the DQB1 locus of HLA,False,required,many,,,,,
cvisb:HLAData,rdf:Property,DRB1,Genotype call for the DRB1 locus of HLA,False,required,many,,,,,
cvisb:HLAData,rdf:Property,DRB3,Genotype call for the DRB3 locus of HLA,False,required,many,,,,,
cvisb:HLAData,rdf:Property,DRB4,Genotype call for the DRB4 locus of HLA,False,required,many,,,,,
cvisb:HLAData,rdf:Property,DRB5,Genotype call for the DRB5 locus of HLA,False,required,many,,,,,
,rdfs:Class,HeartRate,A schema describing a single Heart Rate datapoint collected from patients in the Center for Viral Systems Biology.,,,,,,,cvisb:Data,
cvisb:HeartRate,rdf:Property,time,Date and time of heart rate measurement,False,recommended,one,,,,,
cvisb:HeartRate,rdf:Property,heartRate,"heart rate, in beats per minute",False,required,one,,,,,
,rdfs:Class,MeanArterialPressure,A schema describing a single mean artertial blood pressure datapoint collected from patients in the Center for Viral Systems Biology.,,,,,,,cvisb:Data,
cvisb:MeanArterialPressure,rdf:Property,time,Date and time of MeanArterialPressure measurement,False,recommended,one,,,,,
cvisb:MeanArterialPressure,rdf:Property,meanArterialPressure,"Mean artertial blood pressure, in mmHg",False,required,one,,,,,
,rdfs:Class,Medication,A schema describing an Medication for a Patient in the Center for Viral Systems Biology experiments,,,,,,,schema:Thing,
cvisb:Medication,rdf:Property,drug,Drug name,False,required,one,,,,,
cvisb:Medication,rdf:Property,daysSinceAdmit,"Number of days between the admission date and when when the coma score was evaluated. At initial clinical presentation, daysSinceAdmit = 0",False,recommended,one,,,,,
cvisb:Medication,rdf:Property,dateAdministered,Date of drug administration,True,recommended,one,,,,,
cvisb:Medication,rdf:Property,timeAdministered,Time of drug administration,True,recommended,one,,,,,
cvisb:Medication,rdf:Property,doseNumeric,"Dose of the drug (numeric portion), used in combination with doseUnits",False,recommended,one,,,,,
cvisb:Medication,rdf:Property,doseUnits,"Dose units of the drug, used in combination with doseNumeric",False,recommended,one,,,,,
cvisb:Medication,rdf:Property,doseFrequency,Frequency of the drug administered,False,recommended,one,,,,,
cvisb:Medication,rdf:Property,doseDuration,Dosing duration of the drug,False,recommended,one,,,,,
cvisb:Medication,rdf:Property,drugRoute,"Route of the drug, such as IV, PO, etc.",False,recommended,one,,,,,
,rdfs:Class,Organization,A schema describing an Organization for the Center for Viral Systems Biology,,,,,,,schema:Organization,schema:Organization
cvisb:Organization,rdf:Property,name,Descriptive name of the Organization,False,required,one,,,,,schema:name
cvisb:Organization,rdf:Property,alternateName,Alternate name of the Organization,False,optional,many,,,,,schema:alternateName
cvisb:Organization,rdf:Property,description,Description of the Organization,False,recommended,one,,,,,schema:description
cvisb:Organization,rdf:Property,url,URL of the Organization,False,recommended,one,,,,,schema:url
cvisb:Organization,rdf:Property,email,email of the Organization; could also be specified in contactPoint,,optional,one,,,,,schema:email
cvisb:Organization,rdf:Property,award,"Award won for this Organization. Typically, grant/award that is used to support the organization.",False,recommended,many,,,,,schema:award
cvisb:Organization,rdf:Property,parentOrganization,"The larger organization that this organization is a subOrganization of, if any",False,optional,one,,,,,schema:parentOrganization
cvisb:Organization,rdf:Property,logo,logo for the organization,False,optional,one,,,,,schema:logo
cvisb:Organization,rdf:Property,contactPoint,Contact point for the Organization,False,recommended,one,,,,,schema:contactPoint
cvisb:Organization,rdf:Property,address,Postal address for the Organization,False,optional,one,,,,,schema:address
,rdfs:Class,OxygenSaturation,A schema describing a single oxygen saturation datapoint collected from patients in the Center for Viral Systems Biology.,,,,,,,cvisb:Data,
cvisb:OxygenSaturation,rdf:Property,time,Date and time of OxygenSaturation measurement,False,recommended,one,,,,,
cvisb:OxygenSaturation,rdf:Property,oxygenSaturation,"OxygenSaturation, in percent",False,required,one,,,,,
,rdfs:Class,Patient,A schema describing a Patient/Person in the Center for Viral Systems Biology experiments,,,,,,,health:Patient,
cvisb:Patient,rdf:Property,patientID,"Unique, public ID for patient",False,required,one,,,,,schema:identifier
cvisb:Patient,rdf:Property,alternateIdentifier,"Alternative ID(s) used for patient (including G-number, S-number, or C-numbers, available to consortia members only)",True,optional,many,,,,,
cvisb:Patient,rdf:Property,gID,"Internal G-number used to refer to the patients when they're in the acute treatment phase at KGH. For most samples, should be a single gID; however, some patients have two.",True,optional,many,,,,,
cvisb:Patient,rdf:Property,sID,Internal survivor ID used to refer to the patients during follow-up visits. Can include either survivors (S-numbers) or contacts (C-numbers),True,optional,one,,,,,
cvisb:Patient,rdf:Property,sameAs,Alternative public ID(s) used for patient. Used to relate acute patients (G-numbers) to their ID in survivor study,False,optional,many,,,,,schema:sameAs
cvisb:Patient,rdf:Property,contactGroupIdentifier,ID group for patient and associated contacts,False,recommended,one,,,,,
cvisb:Patient,rdf:Property,dateModified,Date on which the Patient metadata was most recently modified,False,required,one,,,,,schema:dateModified
cvisb:Patient,rdf:Property,updatedBy,Person who updated the patient data,True,recommended,one,,,,,
cvisb:Patient,rdf:Property,updatedBy,"A list of the changes made to the Patient metadata. Optional, but useful to tag when and/or why specific fields were changed.",True,recommended,many,,,,,
cvisb:Patient,rdf:Property,_source,Internal tracking of who supplied the patient metadata,True,recommended,one,,,,,
cvisb:Patient,rdf:Property,_version,"Version number of patient, auto-assigned by CViSB database",False,recommended,one,,,,,schema:version
cvisb:Patient,rdf:Property,cohort,"Cohort for virus exposure: Ebola, Lassa, or control.  Note that this is not a diagnosis, but rather what the patient was being evaluated for.",False,required,one,"['Ebola', 'Lassa', 'control', 'Unknown']",,,,
cvisb:Patient,rdf:Property,outcome,"Outcome for patient: control, survivor, contact, dead, or unknown. Patients are considered survivors if they are alive at least 10 days after presentation of symptoms in the hospital, the time at which they are commonly discharged from the hospital.",False,required,one,"['control', 'survivor', 'contact', 'dead', 'unknown']",,,,
cvisb:Patient,rdf:Property,Country,Country where Patient lives / was treated,False,required,one,,,,,schema:geographicArea
cvisb:Patient,rdf:Property,homeLocation,"A contact location for a person's residence. Should include country (Administrative Unit 0), district (Administrative Unit 2), chiefdom (Administrative Unit 3), Village + displaced GPS coordinates (optional)",True,recommended,many,,,,,schema:homeLocation
cvisb:Patient,rdf:Property,admittedLassaWard,Whether the patient was admitted to the Lassa isolation ward at KGH.,False,optional,one,,,,,
cvisb:Patient,rdf:Property,admitDate,Date of admission or first evaluation in the hospital. Note that not all patients who are evaluated are admitted for further care.,True,optional,one,,,,,
cvisb:Patient,rdf:Property,infectionYear,"Approximate year of infection or contact with the virus. Based on self-reporting, so take it with a grain of salt.  If the onset of symptoms isn't reported, based on the date the patient presented in the hospital or was discharged.",False,optional,one,,,,,
cvisb:Patient,rdf:Property,infectionDate,"Approximate date / date range of infection or contact with the virus. Based on self-reporting, so take it with a grain of salt.",True,optional,one,,,,,
cvisb:Patient,rdf:Property,evalDate,Date of first evaluation within the hospital,True,optional,one,,,,,
cvisb:Patient,rdf:Property,survivorEnrollmentDate,Date of enrollment of the survivor or contact in the KGH survivor study,True,optional,one,,,,,
cvisb:Patient,rdf:Property,survivorEvalDates,Dates of evaluation of the survivor or contact in the KGH survivor study,True,optional,many,,,,,
cvisb:Patient,rdf:Property,dischargeDate,Date of discharge from the hospital,True,optional,one,,,,,
cvisb:Patient,rdf:Property,daysOnset,"Number of days between onset of symptoms and hospital admission, as self-reported",False,optional,one,,,,,
cvisb:Patient,rdf:Property,daysInHospital,Number of days between first evaluation and discharge or death,False,optional,one,,,,,
cvisb:Patient,rdf:Property,gender,Gender,False,recommended,one,"['Male', 'Female', 'Unknown', None]",,,,schema:gender
cvisb:Patient,rdf:Property,relatedTo,A list of related household contacts's public patientIDs,False,optional,many,,,,,
cvisb:Patient,rdf:Property,relatedToPrivate,A list of related household contacts's private patientIDs,True,optional,many,,,,,
cvisb:Patient,rdf:Property,exposureType,"For contacts, the type or level of exposure they had to the infected person.",True,optional,one,,,,,
cvisb:Patient,rdf:Property,contactSurvivorRelationship,"For contacts, how they are related to the infected person.",True,optional,one,,,,,
cvisb:Patient,rdf:Property,ethnicity,Patient ethnicity,True,optional,one,"['Mende', 'Fullah', 'Temne', 'Krio', 'Other']",,,,
cvisb:Patient,rdf:Property,age,Age at time of first presentation,False,recommended,one,,1.0,100.0,,
cvisb:Patient,rdf:Property,height,"Patient height, in meters",False,recommended,one,,,,,
cvisb:Patient,rdf:Property,weight,"Patient weight, in kilograms",False,recommended,one,,,,,
cvisb:Patient,rdf:Property,pregnant,Whether the patient was pregnant at the time of presentation,False,recommended,one,,,,,
cvisb:Patient,rdf:Property,LassaExposed,Whether the patient was exposed to another person who had Lassa fever,False,recommended,one,,,,,
cvisb:Patient,rdf:Property,LassaHHDeaths,Whether the patient had recent Lassa-related deaths in their household,False,recommended,one,,,,,
cvisb:Patient,rdf:Property,elisa,"List of ELISA results (IgG, IgM, Ag for Ebola/Lassa antigen) for the patient",False,recommended,many,,,,,
cvisb:Patient,rdf:Property,rapidDiagostics,List of rapid Ebola/Lassa dipstick diagnostic results for the patient,False,recommended,many,,,,,
cvisb:Patient,rdf:Property,rtpcr,List of RT-PCR results for the patient,False,recommended,many,,,,,
cvisb:Patient,rdf:Property,symptoms,List of symptoms for the patient,False,recommended,many,,,,,
cvisb:Patient,rdf:Property,comaScore,"Observations of the patient's activity, to calculate Glasgow Coma Score",False,recommended,many,,,,,
cvisb:Patient,rdf:Property,medications,Medications administered to patient during his/her stay in the hospital,False,recommended,many,,,,,
cvisb:Patient,rdf:Property,piccolo,List of Piccolo blood chemistry measurements for a patient,False,recommended,many,,,,,
,rdfs:Class,Person,"A schema describing a Person in the Center for Viral Systems Biology, mostly for the purposes of authorship of papers",,,,,,,schema:Person,schema:Person
cvisb:Person,rdf:Property,givenName,"Given name. In the U.S., the first name of a Person. This can be used along with familyName instead of the name property.",True,recommended,one,,,,,schema:Person
cvisb:Person,rdf:Property,additionalName,"An additional name for a Person, can be used for a middle name",True,recommended,one,,,,,schema:Person
cvisb:Person,rdf:Property,familyName,"Family name. In the U.S., the last name of an Person. This can be used along with givenName instead of the name property.",True,recommended,one,,,,,schema:Person
cvisb:Person,rdf:Property,name,"Full name of the person-- concatenation of givenName, additionalName, familyName. givenName, additionalName, and familyName are the preferred way of specifying the name.",True,recommended,one,,,,,schema:Person
,rdfs:Class,PiccoloData,A schema describing blood chemistry analysis of patients collected using a Piccolo Xpress analyzer in the Center for Viral Systems Biology.,,,,,,,cvisb:Data,
cvisb:PiccoloData,rdf:Property,alanineAminotransferase,"Alanine Aminotransferase (ALT) measurement in U/L. Typical values are 10-47 U/L and dynamic range of the assay is 5-2000 U/L (https://www.abaxis.com/sites/default/files/resource-packages/Comprehensive%20Metabolic%20Panel%20Package%20Insert-EN_0.pdf). If values are outside the dynamic range, they should be reported as missing.",False,recommended,one,,5.0,2000.0,,
cvisb:PiccoloData,rdf:Property,albumin,"Albumin (ALB) measurement in g/L. Typical values are 33-55 g/L and dynamic range of the assay is 10-65 g/L (https://www.abaxis.com/sites/default/files/resource-packages/Comprehensive%20Metabolic%20Panel%20Package%20Insert-EN_0.pdf). If values are outside the dynamic range, they should be reported as missing.",False,recommended,one,,10.0,65.0,,
cvisb:PiccoloData,rdf:Property,alkalinePhosphatase,"Alkaline Phosphatase (ALP) measurement in U/L. Typical values are 53-128 U/L (male) or 42-141 U/L (female) and dynamic range of the assay is 5-2400 U/L (https://www.abaxis.com/sites/default/files/resource-packages/Comprehensive%20Metabolic%20Panel%20Package%20Insert-EN_0.pdf). If values are outside the dynamic range, they should be reported as missing.",False,recommended,one,,5.0,2400.0,,
cvisb:PiccoloData,rdf:Property,aspatateAminotransferase,"Aspartate Aminotransferase (AST) measurement in U/L. Typical values are 11-38 U/L and dynamic range of the assay is 5-2000 U/L (https://www.abaxis.com/sites/default/files/resource-packages/Comprehensive%20Metabolic%20Panel%20Package%20Insert-EN_0.pdf). If values are outside the dynamic range, they should be reported as missing.",False,recommended,one,,5.0,2000.0,,
cvisb:PiccoloData,rdf:Property,bloodUreaNitrogen,"Blood Urea Nitrogen (BUN) measurement in mmol urea/L. Typical values are 2.5-7.9 mmol urea/L and dynamic range of the assay is 0.7-64.3 mmol urea/L (https://www.abaxis.com/sites/default/files/resource-packages/Comprehensive%20Metabolic%20Panel%20Package%20Insert-EN_0.pdf). If values are outside the dynamic range, they should be reported as missing.",False,recommended,one,,0.7,64.3,,
cvisb:PiccoloData,rdf:Property,calcium,"Calcium (CA) measurement in mmol/L. Typical values are 2.0-2.58 mmol/L and dynamic range of the assay is 1.0-4.0 mmol/L (https://www.abaxis.com/sites/default/files/resource-packages/Comprehensive%20Metabolic%20Panel%20Package%20Insert-EN_0.pdf). If values are outside the dynamic range, they should be reported as missing.",False,recommended,one,,1.0,4.0,,
cvisb:PiccoloData,rdf:Property,chloride,"Chloride (CL-) measurement in mmol/L. Typical values are 98-108 mmol/L and dynamic range of the assay is 80-135 mmol/L (https://www.abaxis.com/sites/default/files/resource-packages/Comprehensive%20Metabolic%20Panel%20Package%20Insert-EN_0.pdf). If values are outside the dynamic range, they should be reported as missing.",False,recommended,one,,80.0,135.0,,
cvisb:PiccoloData,rdf:Property,creatinine,"Creatinine (CRE) measurement in umol/L. Typical values are and 53-106 umol/L dynamic range of the assay is 18-1768 umol/L (https://www.abaxis.com/sites/default/files/resource-packages/Comprehensive%20Metabolic%20Panel%20Package%20Insert-EN_0.pdf). If values are outside the dynamic range, they should be reported as missing.",False,recommended,one,,18.0,1768.0,,
cvisb:PiccoloData,rdf:Property,glucose,"Glucose (GLU) measurement in mmol/L. Typical values are 4.05-6.55 mmol/L and dynamic range of the assay is 0.56-38.9 mmol/L (https://www.abaxis.com/sites/default/files/resource-packages/Comprehensive%20Metabolic%20Panel%20Package%20Insert-EN_0.pdf). If values are outside the dynamic range, they should be reported as missing.",False,recommended,one,,0.56,38.9,,
cvisb:PiccoloData,rdf:Property,potassium,"Potassium (K+) measurement in mmol/L. Typical values are 3.6-5.1 mmol/L and dynamic range of the assay is 1.5-8.5 mmol/L (https://www.abaxis.com/sites/default/files/resource-packages/Comprehensive%20Metabolic%20Panel%20Package%20Insert-EN_0.pdf). If values are outside the dynamic range, they should be reported as missing.",False,recommended,one,,1.5,8.5,,
cvisb:PiccoloData,rdf:Property,sodium,"Sodium (NA+) measurement in mmol/L. Typical values are 128-145 mmol/L and dynamic range of the assay is 110-170 mmol/L (https://www.abaxis.com/sites/default/files/resource-packages/Comprehensive%20Metabolic%20Panel%20Package%20Insert-EN_0.pdf). If values are outside the dynamic range, they should be reported as missing.",False,recommended,one,,110.0,170.0,,
cvisb:PiccoloData,rdf:Property,totalBilirubin,"Total Bilirubin (TBIL) measurement in umol/L. Typical values are 3.4-27.4 umol/L and dynamic range of the assay is 1.7-513 umol/L (https://www.abaxis.com/sites/default/files/resource-packages/Comprehensive%20Metabolic%20Panel%20Package%20Insert-EN_0.pdf). If values are outside the dynamic range, they should be reported as missing.",False,recommended,one,,1.7,513.0,,
cvisb:PiccoloData,rdf:Property,totalCarbonDioxide,"Total Carbon Dioxide (tCO2) measurement in mmol/L. Typical values are 18-33 mmol/L and dynamic range of the assay is 5-40 mmol/L (https://www.abaxis.com/sites/default/files/resource-packages/Comprehensive%20Metabolic%20Panel%20Package%20Insert-EN_0.pdf). If values are outside the dynamic range, they should be reported as missing.",False,recommended,one,,5.0,40.0,,
cvisb:PiccoloData,rdf:Property,totalProtein,"Total Protein (TP) measurement in g/L. Typical values are 64-81 g/L and dynamic range of the assay is 20-140 g/L (https://www.abaxis.com/sites/default/files/resource-packages/Comprehensive%20Metabolic%20Panel%20Package%20Insert-EN_0.pdf). If values are outside the dynamic range, they should be reported as missing.",False,recommended,one,,20.0,140.0,,
,rdfs:Class,PiccoloMeasurement,"A schema describing a set of blood chemistry measurements at a particular timepoint for a patient, collected using a Piccolo Xpress analyzer in the Center for Viral Systems Biology.",,,,,,,cvisb:Data,
cvisb:PiccoloMeasurement,rdf:Property,timepoint,"Description of when the Piccolo Measurement was taken(e.g. at survivor enrollment, initial presentation in hospital, etc.)",False,required,one,,,,,
cvisb:PiccoloMeasurement,rdf:Property,daysSinceAdmit,"Number of days between the admission date and when Piccolo data was measured. At initial clinical presentation, daysSinceAdmit = 0",False,recommended,one,,,,,
cvisb:PiccoloData,rdf:Property,symptoms,Array of Piccolo data measured for the patient at the timepoint.,False,required,many,,,,,
,rdfs:Class,Place,A schema describing a geographic Place in the Center for Viral Systems Biology. Used typically to specify exact GPS coordinates,,,,,,,schema:Place,schema:Place
cvisb:Place,rdf:Property,geo,Geocoordinates of the place,,optional,one,,,,,schema:geo
cvisb:Place,rdf:Property,containedInPlace,Additional administrative units that the GPS coordinates are located within,,optional,one,,,,,schema:containedInPlace
,rdfs:Class,PostalAddress,A schema describing an PostalAddress for the Center for Viral Systems Biology,,,,,,,schema:PostalAddress,schema:PostalAddress
cvisb:PostalAddress,rdf:Property,streetAddress,"The street address. For example, 1600 Amphitheatre Pkwy",False,required,one,,,,,schema:streetAddress
cvisb:PostalAddress,rdf:Property,streetAddress,"The street address. For example, 1600 Amphitheatre Pkwy",False,required,one,,,,,schema:streetAddress
cvisb:PostalAddress,rdf:Property,addressLocality,"The locality (e.g. city). For example, Mountain View.",False,required,one,,,,,schema:addressLocality
cvisb:PostalAddress,rdf:Property,addressRegion,"The region (e.g. state/Adm 2). For example, CA.",False,required,one,,,,,schema:addressRegion
cvisb:PostalAddress,rdf:Property,postalCode,"The postal code. For example, 94043.",False,required,one,,,,,schema:postalCode
cvisb:PostalAddress,rdf:Property,addressCountry,"The country object (containing name, ISO code/identifier, link to ISO page)",False,required,one,,,,,schema:addressCountry
,rdfs:Class,RDT,A schema describing a rapid diagnostic test result for a Patient in the Center for Viral Systems Biology experiments,,,,,,,schema:Thing,
cvisb:RDT,rdf:Property,virus,Virus tested in ELISA (Ebola or Lassa),False,required,one,"['Ebola', 'Lassa']",,,,
cvisb:RDT,rdf:Property,RDTresult,"Result of RDT, either positive/negative",False,required,one,"['positive', 'negative', 'indeterminate']",,,,
,rdfs:Class,RTPCR,A schema describing a RT-PCR result for a Patient in the Center for Viral Systems Biology experiments,,,,,,,schema:Thing,
cvisb:RTPCR,rdf:Property,virus,Virus tested in RT-PCR (Ebola or Lassa),False,required,one,"['Ebola', 'Lassa']",,,,
cvisb:RTPCR,rdf:Property,RTPCRresult,"Result of RT-PCR, either positive/negative/indeterminate",False,required,one,"['positive', 'negative', 'indeterminate']",,,,
cvisb:RTPCR,rdf:Property,RTPCRvalue,"Result of RT-PCR, Ct value",False,recommended,one,,,,,
cvisb:RTPCR,rdf:Property,viralLoad,"viral load, in copies/ml",False,recommended,one,,,,,
,rdfs:Class,RepertoireSequencing,A schema describing a repertoire sequencing Experiment in the Center for Viral Systems Biology,,,,,,,cvisb:sequencingExperiment,
cvisb:RepertoireSequencing,rdf:Property,cellType,Whether the repertoire sequencing was performed on B-cells or T-cells,False,required,one,"['B-cell', 'T-cell']",,,,
cvisb:RepertoireSequencing,rdf:Property,primerSet,Primer set,False,recommended,one,,,,,
cvisb:RepertoireSequencing,rdf:Property,analysisVersion,Analysis pipeline version,False,recommended,one,,,,,
cvisb:RepertoireSequencing,rdf:Property,abstarVersion,Abstar Version,False,recommended,one,,,,,
cvisb:RepertoireSequencing,rdf:Property,germlineDatabase,germline database name or URL,False,recommended,one,,,,,
cvisb:RepertoireSequencing,rdf:Property,germlineDBVersion,Germline database version,False,recommended,one,,,,,
,rdfs:Class,RespiratoryRate,A schema describing a single respiratory rate datapoint collected from patients in the Center for Viral Systems Biology.,,,,,,,cvisb:Data,
cvisb:RespiratoryRate,rdf:Property,time,Date and time of RespiratoryRate measurement,False,recommended,one,,,,,
cvisb:RespiratoryRate,rdf:Property,respiratoryRate,"RespiratoryRate, in breaths per minute",False,required,one,,,,,
,rdfs:Class,SNPData,A schema describing viral sequencing data in the Center for Viral Systems Biology.,,,,,,,cvisb:Data,
cvisb:SNPData,rdf:Property,SNP,"Single nucleotide polymorphism, e.g. Q9H",False,required,one,,,,,
cvisb:SNPData,rdf:Property,SNPdetected,Whether or not the SNP was found in the sequencing,False,required,one,,,,,
cvisb:SNPData,rdf:Property,SNPlocation,"Amino acid number of the SNP, relative to the reference sequence.",False,optional,one,,,,,
cvisb:SNPData,rdf:Property,originalAA,Amino acid code for the amino acid at the reference sequence.,False,optional,one,,,,,
cvisb:SNPData,rdf:Property,mutatedAA,Amino acid code for the amino acid at the mutation site.,False,optional,one,,,,,
,rdfs:Class,Sample,"A schema describing a sample the Center for Viral Systems Biology. Primary samples = blood draw, tissue sample, urine, or feces.  Derived are some sort of isolation/preparation of whole blood/tissue, e.g. plasma, sera, DNA, RNA, etc.",,,,,,,cvisb:Thing,
cvisb:Sample,rdf:Property,sampleID,"unique ID for the derived sample; ideally, the combination of sampleType and isolationDate. Should *not* contain non-public IDs.",True,required,one,,,,,
cvisb:Sample,rdf:Property,sampleLabel,"Label for what the sample is called on sample tubes, etc.",True,required,one,,,,,
cvisb:Sample,rdf:Property,alternateIdentifier,Alternate identifers for sample. Can contain private IDs.,True,optional,many,,,,,schema:alternateIdentifier
cvisb:Sample,rdf:Property,name,Descriptive name of the derived sample,True,optional,one,,,,,schema:name
cvisb:Sample,rdf:Property,description,Short description of the derived sample,True,optional,one,,,,,schema:description
cvisb:Sample,rdf:Property,patientID,Unique public patient id. Will be added into the database via join,False,recommended,one,,,,,
cvisb:Sample,rdf:Property,privatePatientID,"Unique *private* patient id, e.g. G-number, S-number, C-number",True,required,one,,,,,
cvisb:Sample,rdf:Property,visitCode,"Visit code for the patient (day post hospitalization of blood draw for patients, visit number after initial for follow-up/contact)",False,recommended,one,,,,,
cvisb:Sample,rdf:Property,isolationDate,"Date of sample creation/collection (NOT date of blood draw/tissue collection, unless the sample is that primary sample) (YYYY-MM-DD)",True,required,one,,,,,
cvisb:Sample,rdf:Property,sampleGroup,"Sample group type: whether it comes from the *acute* phase while the patient treated in the hospital, or from the *survivor* study where survivors and contacts of the survivors are sampled after the infection.",,recommended,one,"['acute', 'survivor', None]",,,,
cvisb:Sample,rdf:Property,sampleType,"Sample type. Primary types: ""blood_purple-EDTA"", ""blood_blue-citrate"", ""blood_mixed"", ""blood_unknown"", ""urine"", ""feces"", ""organs"", ""tissue""; Derived types: ""plasma"", ""serum"", ""buffy coat"", ""PBMC"", ""frozenPBMC-DNA"", ""frozenPBMC-RNA"", ""viralRNA"", ""totalRNA"", ""DNA""",False,required,one,"['blood_purple-EDTA', 'blood_blue-citrate', 'blood_mixed', 'blood_unknown', 'urine', 'feces', 'organs', 'tissue', 'plasma', 'serum', 'plasma_or_serum', 'buffy_coat', 'PBMC', 'frozenPBMC-DNA', 'frozenPBMC-RNA', 'viralRNA', 'totalRNA', 'DNA']",,,,
cvisb:Sample,rdf:Property,derivedIndex,"Integer expressing how far derived the sample is from the primary sample.  Primary sample (e.g. blood draw) has a derivedIndex=0; PBMC=1, ...",False,recommended,one,,,,,
cvisb:Sample,rdf:Property,species,Source of sample (human or rat),False,recommended,one,"['human', 'rat', 'monkey', None]",,,,
cvisb:Sample,rdf:Property,protocolVersion,Protocol version to isolate sample; either file name and/or version,False,optional,many,,,,,
cvisb:Sample,rdf:Property,protocolURL,Link to protocol used to isolate sample,False,optional,many,,,,,
cvisb:Sample,rdf:Property,freezingBuffer,What buffer was used to freeze the sample in; relevant for PBMC samples,False,optional,one,,,,,
cvisb:Sample,rdf:Property,dilutionFactor,How much a plamsa sample has been diluted from its original isolation,False,optional,one,,,,,
cvisb:Sample,rdf:Property,AVLinactivated,Whether a plasma or serum sample is AVL-inactivated,False,optional,one,,,,,
cvisb:Sample,rdf:Property,location,"Current location(s) for the sample, including Lab, number of aliquots, and when the info was last updated",True,required,many,,,,,
cvisb:Sample,rdf:Property,dateModified,Date of last update (YYYY-MM-DD),False,required,one,,,,,schema:dateModified
cvisb:Sample,rdf:Property,updatedBy,Person who updated the sample location,True,recommended,one,,,,,
cvisb:Sample,rdf:Property,_version,"Version number of sample, auto-assigned by CViSB database",False,recommended,one,,,,,schema:version
,rdfs:Class,SampleLocation,A schema describing a the location of a sample in the Center for Viral Systems Biology,,,,,,,schema:Place,
cvisb:SampleLocation,rdf:Property,lab,Current location of sample,True,required,one,"['KGH', 'TSRI-Andersen', 'MGH-Alter', 'TSRI-Briney', 'TSRI-Sullivan', 'Tulane-Schieffelin', 'Tulane-Garry']",,,,
cvisb:SampleLocation,rdf:Property,numAliquots,"Number of aliquots for a particular sampleID at a particular lab location. If sample has been used up, numAliquots = 0",True,required,one,,,,,
cvisb:SampleLocation,rdf:Property,freezerID,Freezer in which the sample is located within the lab.,True,optional,many,,,,,
cvisb:SampleLocation,rdf:Property,freezerRack,Rack in the freezer in which the sample is located within the lab.,True,optional,many,,,,,
cvisb:SampleLocation,rdf:Property,freezerBox,Box in the rack/freezer in which the sample is located within the lab.,True,optional,many,,,,,
cvisb:SampleLocation,rdf:Property,freezerBoxCell,"Cell within the freezer box in which the sample is located within the lab, for example ""C12"".",True,optional,many,,,,,
cvisb:SampleLocation,rdf:Property,dateModified,Date of last update (YYYY-MM-DD),True,required,one,,,,,schema:dateModified
cvisb:SampleLocation,rdf:Property,updatedBy,Person who updated the sample location,True,required,one,,,,,
,rdfs:Class,ScholarlyArticle,A schema describing a ScholarlyArticle (a.k.a a paper) in the Center for Viral Systems Biology,,,,,,,schema:ScholarlyArticle,schema:ScholarlyArticle
cvisb:ScholarlyArticle,rdf:Property,identifier,DOI for publication,False,recommended,one,,,,,schema:identifier
cvisb:ScholarlyArticle,rdf:Property,url,url for publication,False,required,one,,,,,schema:url
cvisb:ScholarlyArticle,rdf:Property,author,Author list of publication,False,recommended,many,,,,,schema:author
cvisb:ScholarlyArticle,rdf:Property,name,Name of article,False,recommended,one,,,,,schema:name
cvisb:ScholarlyArticle,rdf:Property,datePublished,Journal name for publication,False,recommended,one,,,,,schema:datePublished
cvisb:ScholarlyArticle,rdf:Property,pageStart,"The page on which the work ends; for example ""135"" or ""xiii"".",False,recommended,one,,,,,schema:pageStart
cvisb:ScholarlyArticle,rdf:Property,pageEnd,"The page on which the work ends; for example ""138"" or ""xvi"".",False,recommended,one,,,,,schema:pageEnd
cvisb:ScholarlyArticle,rdf:Property,journalName,Name of journal/publication of the article,False,recommended,one,,,,,
cvisb:ScholarlyArticle,rdf:Property,issueNumber,"Identifies the issue of publication; for example, ""iii"" or ""2"".",False,recommended,one,,,,,schema:issueNumber
cvisb:ScholarlyArticle,rdf:Property,volumeNumber,"Identifies the volume of publication or multi-part work; for example, ""iii"" or ""2"".",False,recommended,one,,,,,schema:volumeNumber
,rdfs:Class,SequencingExperiment,A schema describing a Sequencing Experiment in the Center for Viral Systems Biology,,,,,,,cvisb:Experiment,
cvisb:SequencingExperiment,rdf:Property,sequencingTechnology,Sequencing Technology (e.g. Illumina),False,recommended,one,,,,,
cvisb:SequencingExperiment,rdf:Property,sequencingPlatform,Sequencing Platform (e.g. MiSeq),False,recommended,one,,,,,
cvisb:SequencingExperiment,rdf:Property,instrumentID,Sequencing instrument ID,False,recommended,one,,,,,
cvisb:SequencingExperiment,rdf:Property,sequencingCenter,"Sequencing Center (e.g. TSRI, Broad)",False,recommended,one,,,,,
cvisb:SequencingExperiment,rdf:Property,readLength,read length,False,recommended,one,,,,,
,rdfs:Class,SkinTemperature,A schema describing a single skin temperature datapoint collected from patients in the Center for Viral Systems Biology.,,,,,,,cvisb:Data,
cvisb:SkinTemperature,rdf:Property,time,Date and time of SkinTemperature measurement,False,recommended,one,,,,,
cvisb:SkinTemperature,rdf:Property,skinTemperature,"Skin temperature, in degrees Celsius",False,required,one,,,,,
,rdfs:Class,SoftwareSourceCode,A schema describing SoftwareSourceCode in the Center for Viral Systems Biology,,,,,,,schema:SoftwareSourceCode,schema:SoftwareSourceCode
cvisb:SoftwareSourceCode,rdf:Property,identifier,DOI or unique identifier for code,False,optional,one,,,,,schema:identifier
cvisb:SoftwareSourceCode,rdf:Property,@id,"A unique identifier for the software code, preferably a DOI",False,recommended,one,,,,,schema:identifier
cvisb:SoftwareSourceCode,rdf:Property,name,Name of code,False,recommended,one,,,,,schema:name
cvisb:SoftwareSourceCode,rdf:Property,description,Description of code,False,optional,one,,,,,schema:description
cvisb:SoftwareSourceCode,rdf:Property,codeRepository,"Link to the repository where the un-compiled, human readable code and related code is located (SVN, github, CodePlex).",False,required,one,,,,,schema:codeRepository
cvisb:SoftwareSourceCode,rdf:Property,programmingLanguage,Computer programming language.,False,optional,many,,,,,schema:programmingLanguage
cvisb:SoftwareSourceCode,rdf:Property,author,Author(s) of the code repository,False,recommended,many,,,,,schema:author
cvisb:SoftwareSourceCode,rdf:Property,publication,"Journal article or other publication associated with the dataset (stored as an object, not a string)",False,recommended,many,,,,,schema:publication
cvisb:SoftwareSourceCode,rdf:Property,citation,Citation string (not an object) for the journal article or other publication associated with the dataset,False,recommended,many,,,,,schema:citation
cvisb:SoftwareSourceCode,rdf:Property,license,Computer programming language.,False,recommended,one,,,,,schema:license
cvisb:SoftwareSourceCode,rdf:Property,datePublished,Date of first broadcast/publication,False,recommended,one,,,,,schema:datePublished
cvisb:SoftwareSourceCode,rdf:Property,dateModified,Date on which the code was most recently modified,False,recommended,one,,,,,schema:dateModified
,rdfs:Class,Symptom,A schema describing an Symptom for a Patient in the Center for Viral Systems Biology experiments,,,,,,,schema:Thing,
cvisb:Symptom,rdf:Property,joint_pain,If the patient reports joint pain,False,optional,one,,,,,
cvisb:Symptom,rdf:Property,muscle_pain,If the patient reports muscle pain,False,optional,one,,,,,
cvisb:Symptom,rdf:Property,abdominal_pain,If the patient reports abdominal pain,False,optional,one,,,,,
cvisb:Symptom,rdf:Property,back_pain,If the patient reports back pain,False,optional,one,,,,,
cvisb:Symptom,rdf:Property,side_pain,If the patient reports side pain,False,optional,one,,,,,
cvisb:Symptom,rdf:Property,retrosternal_pain,If the patient reports retrosternal pain,False,optional,one,,,,,
cvisb:Symptom,rdf:Property,eye_pain,If the patient reports eye pain,False,optional,one,,,,,
cvisb:Symptom,rdf:Property,other_pain,If the patient reports other pain,False,optional,many,,,,,
cvisb:Symptom,rdf:Property,hearing_loss,If the patient reports hearing loss,False,optional,one,,,,,
cvisb:Symptom,rdf:Property,ringing_in_ears,If the patient reports ringing in ears,False,optional,one,,,,,
cvisb:Symptom,rdf:Property,dry_eyes,If the patient reports dry eyes,False,optional,one,,,,,
cvisb:Symptom,rdf:Property,burning_eyes,If the patient reports burning in eyes,False,optional,one,,,,,
cvisb:Symptom,rdf:Property,vision_loss,If the patient reports vision loss,False,optional,one,,,,,
cvisb:Symptom,rdf:Property,blurry_vision,If the patient reports blurry vision,False,optional,one,,,,,
cvisb:Symptom,rdf:Property,light_sensitivity,If the patient reports light sensitivity,False,optional,one,,,,,
cvisb:Symptom,rdf:Property,eye_foreign_body_sensation,If the patient reports a sensation of a foreign body in his/her eye(s),False,optional,one,,,,,
cvisb:Symptom,rdf:Property,bleeding_gums,If the patient reports bleeding gums,False,optional,one,,,,,
cvisb:Symptom,rdf:Property,bleeding_nose,If the patient reports a bloody nose,False,optional,one,,,,,
cvisb:Symptom,rdf:Property,bleeding_stools,If the patient reports bloody stools,False,optional,one,,,,,
cvisb:Symptom,rdf:Property,bleeding_vomit,If the patient reports vomited blood,False,optional,one,,,,,
cvisb:Symptom,rdf:Property,bleeding_injection,If the patient was bleeding at injection sites,False,optional,one,,,,,
cvisb:Symptom,rdf:Property,bleeding_hematoma,If the patient reports a hematoma,False,optional,one,,,,,
cvisb:Symptom,rdf:Property,bleeding_sputum,If the patient reports coughing up blood / blood in his/her sputum,False,optional,one,,,,,
cvisb:Symptom,rdf:Property,bleeding_urine,If the patient reports blood in his/her urine,False,optional,one,,,,,
cvisb:Symptom,rdf:Property,bleeding_vaginal,If the patient reports vaginal bleeding,False,optional,one,,,,,
cvisb:Symptom,rdf:Property,bleeding_other,If the patient reports any other unusual bleeding,False,optional,many,,,,,
cvisb:Symptom,rdf:Property,bleeding_none,If the patient reports no symptoms of bleeding,False,optional,one,,,,,
cvisb:Symptom,rdf:Property,fever,If the patient reports a fever,False,optional,one,,,,,
cvisb:Symptom,rdf:Property,conjunctivitis,If the patient reports conjunctivitis,False,optional,one,,,,,
cvisb:Symptom,rdf:Property,facialSwelling,If the patient reports facial or neck swelling,False,optional,one,,,,,
cvisb:Symptom,rdf:Property,jointSwelling,If the patient reports joint swelling,False,optional,one,,,,,
cvisb:Symptom,rdf:Property,lymphadenopathy,If the patient reports lymphadenopathy,False,optional,one,,,,,
cvisb:Symptom,rdf:Property,shortnessBreath,If the patient is observed to have shortness of breath,False,optional,one,,,,,
cvisb:Symptom,rdf:Property,rales,If the patient is observed to have rales,False,optional,one,,,,,
cvisb:Symptom,rdf:Property,crepitations,If the patient is observed to have crepitations,False,optional,one,,,,,
cvisb:Symptom,rdf:Property,abdominalTenderness,If the patient is observed to have abdominal tenderness,False,optional,one,,,,,
cvisb:Symptom,rdf:Property,hepatomegaly,If the patient is observed to have hepatomegaly,False,optional,one,,,,,
cvisb:Symptom,rdf:Property,splenomegaly,If the patient is observed to have splenomegaly,False,optional,one,,,,,
cvisb:Symptom,rdf:Property,RUQtenderness,If the patient is observed to have right upper quadrant (RUQ) tenderness,False,optional,one,,,,,
cvisb:Symptom,rdf:Property,disorientation,If the patient is reports having disorientation,False,optional,one,,,,,
cvisb:Symptom,rdf:Property,tremors,If the patient is reports having tremors,False,optional,one,,,,,
cvisb:Symptom,rdf:Property,seizures,If the patient is reports having seizures,False,optional,one,,,,,
cvisb:Symptom,rdf:Property,hiccups,If the patient is reports having hiccups,False,optional,one,,,,,
cvisb:Symptom,rdf:Property,edema,If the patient reports edema,False,optional,one,,,,,
cvisb:Symptom,rdf:Property,inflammation,If the patient reports inflammation,False,optional,one,,,,,
cvisb:Symptom,rdf:Property,rash,If the patient reports a rash,False,optional,one,,,,,
cvisb:Symptom,rdf:Property,headache,If the patient reports headaches,False,optional,one,,,,,
cvisb:Symptom,rdf:Property,soreThroat,If the patient reports a sore throat,False,optional,one,,,,,
cvisb:Symptom,rdf:Property,vomit,If the patient reports vomiting,False,optional,one,,,,,
cvisb:Symptom,rdf:Property,decreasedUrination,If the patient reports decreased urination,False,optional,one,,,,,
cvisb:Symptom,rdf:Property,cough,If the patient reports coughing,False,optional,one,,,,,
cvisb:Symptom,rdf:Property,diarrhea,If the patient reports diarrhea,False,optional,one,,,,,
cvisb:Symptom,rdf:Property,malaise,If the patient reports malaise,False,optional,one,,,,,
cvisb:Symptom,rdf:Property,appetiteLoss,If the patient reports loss of appetite,False,optional,one,,,,,
cvisb:Symptom,rdf:Property,weakness,If the patient reports weakness,False,optional,one,,,,,
cvisb:Symptom,rdf:Property,dizziness,If the patient reports dizziness,False,optional,one,,,,,
cvisb:Symptom,rdf:Property,convulsions,If the patient reports convulsions,False,optional,one,,,,,
cvisb:Symptom,rdf:Property,confusion,If the patient reports confusion,False,optional,one,,,,,
cvisb:Symptom,rdf:Property,jaundice,If the patient reports  jaundice,False,optional,one,,,,,
cvisb:Symptom,rdf:Property,dyspnea,If the patient reports dyspnea,False,optional,one,,,,,
cvisb:Symptom,rdf:Property,noSymptoms,If the patient reports no symptoms,False,optional,one,,,,,
cvisb:Symptom,rdf:Property,otherSymptoms,If the patient reports other symptoms,False,optional,many,,,,,
,rdfs:Class,SymptomList,A schema describing an SymptomList for a Patient in the Center for Viral Systems Biology experiments,,,,,,,schema:Thing,
cvisb:SymptomList,rdf:Property,timepoint,"Description of when the symptoms were observed (e.g. at survivor enrollment, initial presentation in hospital, etc.)",False,required,one,,,,,
cvisb:SymptomList,rdf:Property,daysSinceAdmit,"Number of days between the admission date and when symptoms were observed. At initial clinical presentation, daysSinceAdmit = 0",False,recommended,one,,,,,
cvisb:SymptomList,rdf:Property,symptoms,Array of symptoms observed in or reported by the patient at the timepoint.,False,required,one,,,,,
,rdfs:Class,SystemsSerology,A schema describing a Systems Serology Experiment in the Center for Viral Systems Biology,,,,,,,schema:Thing,
cvisb:SystemsSerology,rdf:Property,assayType,"Type of Systems Serology assay.  Options: ADNP, ADCD, ADCP, NKD-CD107a, NKD-IFNg, NKD-MIP-1b",False,required,many,,,,,
cvisb:SystemsSerology,rdf:Property,assayReadout,"Type of assay readout, such as phagocytic score, C3 deposition MFI",False,recommended,many,,,,,
cvisb:SystemsSerology,rdf:Property,sampleDilution,Dilution of sample,False,recommended,many,,,,,
cvisb:SystemsSerology,rdf:Property,assayResult,Assay result,False,recommended,many,,,,,
,rdfs:Class,SystolicPressure,A schema describing a single systolic blood pressure datapoint collected from patients in the Center for Viral Systems Biology.,,,,,,,cvisb:Data,
cvisb:SystolicPressure,rdf:Property,time,Date and time of SystolicPressure measurement,False,recommended,one,,,,,
cvisb:SystolicPressure,rdf:Property,systolicPressure,"Systolic Pressure, in mmHg",False,required,one,,,,,
,rdfs:Class,UpdateLog,A schema describing a UpdateLog in the Center for Viral Systems Biology experiments. Used to keep track of specific changes to metadata.,,,,,,,health:UpdateLog,
cvisb:UpdateLog,rdf:Property,notes,Text log describing why changes were made.,True,required,one,,,,,
cvisb:UpdateLog,rdf:Property,updatedBy,Who made the update,True,recommended,one,,,,,
cvisb:UpdateLog,rdf:Property,dateModified,When the update happened,True,required,one,,,,,schema:dateModified
cvisb:UpdateLog,rdf:Property,updatedVariables,A list of variables/fields affected by the changes.,True,recommended,many,,,,,
,rdfs:Class,ViralSeqData,A schema describing viral sequencing data in the Center for Viral Systems Biology.,,,,,,,cvisb:Data,
cvisb:ViralSeqData,rdf:Property,virus,Virus sequenced,False,required,one,,,,,
cvisb:ViralSeqData,rdf:Property,referenceSeq,reference sequence used for alignment.,False,required,one,,,,,
cvisb:ViralSeqData,rdf:Property,isReferenceSeq,Whether the data is a reference sequence,False,required,one,,,,,
cvisb:ViralSeqData,rdf:Property,DNAsequence,DNA sequence for the virus,False,required,one,,,,,
cvisb:ViralSeqData,rdf:Property,AAsequence,Amino acid sequence for the virus,False,recommended,one,,,,,
cvisb:ViralSeqData,rdf:Property,SNPsequence,single nucleotide polymorphisms for the virus,False,recommended,many,,,,,
,rdfs:Class,Vitals,A schema describing vitals collected from patients in the Center for Viral Systems Biology.,,,,,,,cvisb:Data,
cvisb:Vitals,rdf:Property,heartRate,"Heart rate for a patient in beats per minute, captured through a PhysIQ wearable sensor or a standard heart rate monitor",False,recommended,many,,,,,
cvisb:Vitals,rdf:Property,respiratoryRate,"Respiratory rate for a patient, captured through a PhysIQ wearable sensor or a standard clinical measurement",False,recommended,many,,,,,
cvisb:Vitals,rdf:Property,oxygenSaturation,Measured blood oxygen saturation,False,recommended,many,,,,,
cvisb:Vitals,rdf:Property,systolicPressure,Systolic blood pressure,False,recommended,many,,,,,
cvisb:Vitals,rdf:Property,diastolicPressure,Diastolic blood pressure,False,recommended,many,,,,,
cvisb:Vitals,rdf:Property,meanArterialPressure,Mean artertial blood pressure,False,recommended,many,,,,,
cvisb:Vitals,rdf:Property,skinTemperature,"Skin temperature of a patient, typically captured through a PhysIQ wearable sensor",False,recommended,many,,,,,
cvisb:Vitals,rdf:Property,bodyTemperature,Core body temperature of a patient,False,recommended,many,,,,,
cvisb:Vitals,rdf:Property,ECG,"Single lead trace electrocardigram a patient, typically captured through a PhysIQ wearable sensor",False,recommended,many,,,,,
cvisb:Vitals,rdf:Property,accelerometry,"Three-axis motion of a patient, captured through an accelerometer, typically captured through a PhysIQ wearable sensor",False,recommended,many,,,,,
