admin1Name,admin1Pcod,admin2Name,admin2Pcod,admin3Name,admin3Pc_1,admin4Name,admin4Pc_1
Southern,SL03,Pujehun,SL0304,Yakemu Kpukumu krim,SLE030412,Bagollay,SLE030412001
Southern,SL03,Pujehun,SL0304,Yakemu Kpukumu krim,SLE030412,Bapawa,SLE030412002
Southern,SL03,Pujehun,SL0304,Yakemu Kpukumu krim,SLE030412,Batowa,SLE030412003
Southern,SL03,Pujehun,SL0304,Yakemu Kpukumu krim,SLE030412,Bekowa,SLE030412004
Southern,SL03,Pujehun,SL0304,Yakemu Kpukumu krim,SLE030412,Deyombo,SLE030412005
Southern,SL03,Pujehun,SL0304,Yakemu Kpukumu krim,SLE030412,Fortune,SLE030412006
Southern,SL03,Pujehun,SL0304,Yakemu Kpukumu krim,SLE030412,Kpukumu,SLE030412009
Southern,SL03,Pujehun,SL0304,Yakemu Kpukumu krim,SLE030412,Seiwoh,SLE030412010
Southern,SL03,Pujehun,SL0304,Yakemu Kpukumu krim,SLE030412,Yabai,SLE030412012
Northern,SL02,Port Loko,SL0204,Koya,SLE020412,Mathirie,SLE020412013
Northern,SL02,Port Loko,SL0204,Bureh Kasseh Makonteh,SLE020401,Rogbla,SLE020401013
Southern,SL03,Pujehun,SL0304,Panga Kabonde,SLE030404,Bakoi,SLE030404001
Southern,SL03,Pujehun,SL0304,Galliness Perri,SLE030402,Jakema II,SLE030402007
Southern,SL03,Pujehun,SL0304,Yakemu Kpukumu krim,SLE030412,Kemo-Bo,SLE030412007
Southern,SL03,Pujehun,SL0304,Panga Kabonde,SLE030404,Banyande,SLE030404002
Southern,SL03,Pujehun,SL0304,Galliness Perri,SLE030402,Pelegbulor,SLE030402013
Southern,SL03,Pujehun,SL0304,Kpaka,SLE030403,Jassende Kpeima,SLE030403001
Southern,SL03,Pujehun,SL0304,Kpaka,SLE030403,Jassende Masaoma,SLE030403002
Southern,SL03,Pujehun,SL0304,Panga Kabonde,SLE030404,Kabonde,SLE030404003
Southern,SL03,Bonthe,SL0302,Bum,SLE030202,Fikie,SLE030202001
Southern,SL03,Bo,SL0301,Komboya,SLE030109,Tongowa,SLE030109005
Southern,SL03,Bo,SL0301,Valunia,SLE030114,Vanjelu,SLE030114006
Southern,SL03,Pujehun,SL0304,Barri,SLE030401,Dakona,SLE030401001
Southern,SL03,Bonthe,SL0302,Bum,SLE030202,Gbengain,SLE030202002
Southern,SL03,Pujehun,SL0304,Panga Kabonde,SLE030404,Kondogbe,SLE030404004
Northern,SL02,Port Loko,SL0204,Buya Romende,SLE020402,Petifu Bana,SLE020402008
Southern,SL03,Bonthe,SL0302,Bum,SLE030202,Gbondubum,SLE030202003
Northern,SL02,Kambia,SL0202,Bramaia,SLE020201,Duramania,SLE020201004
Southern,SL03,Bonthe,SL0302,Kpanda Kemo,SLE030206,Senjehun,SLE030206004
Southern,SL03,Bonthe,SL0302,Kpanda Kemo,SLE030206,Sewama,SLE030206005
Southern,SL03,Bonthe,SL0302,Kpanda Kemo,SLE030206,Taokunor,SLE030206006
Southern,SL03,Bonthe,SL0302,Kwamebai Krim,SLE030207,Kwako Lanten,SLE030207002
Southern,SL03,Bonthe,SL0302,Kwamebai Krim,SLE030207,Massa Settie,SLE030207003
Southern,SL03,Bonthe,SL0302,Kwamebai Krim,SLE030207,Mosenten Sahen II,SLE030207004
Southern,SL03,Bonthe,SL0302,Kwamebai Krim,SLE030207,Tubla,SLE030207005
Southern,SL03,Bonthe,SL0302,Nongoba Bullom,SLE030208,Bohol,SLE030208002
Southern,SL03,Bonthe,SL0302,Nongoba Bullom,SLE030208,Bullom,SLE030208003
Southern,SL03,Bonthe,SL0302,Nongoba Bullom,SLE030208,Garinga,SLE030208004
Southern,SL03,Bonthe,SL0302,Nongoba Bullom,SLE030208,Gbangbassa,SLE030208005
Southern,SL03,Bonthe,SL0302,Nongoba Bullom,SLE030208,Gbap,SLE030208006
Southern,SL03,Bonthe,SL0302,Nongoba Bullom,SLE030208,Hahun,SLE030208007
Southern,SL03,Bonthe,SL0302,Nongoba Bullom,SLE030208,Kessie,SLE030208008
Southern,SL03,Bonthe,SL0302,Nongoba Bullom,SLE030208,Manyime,SLE030208009
Southern,SL03,Bonthe,SL0302,Nongoba Bullom,SLE030208,Pelewahun,SLE030208010
Southern,SL03,Bonthe,SL0302,Nongoba Bullom,SLE030208,Salma,SLE030208011
Southern,SL03,Bonthe,SL0302,Nongoba Bullom,SLE030208,Solon,SLE030208012
Southern,SL03,Bonthe,SL0302,Nongoba Bullom,SLE030208,Torma Subu,SLE030208013
Southern,SL03,Bonthe,SL0302,Sittia,SLE030209,Sahaya,SLE030209008
Southern,SL03,Bonthe,SL0302,Sittia,SLE030209,Sahn-Gbegu,SLE030209009
Southern,SL03,Bonthe,SL0302,Sittia,SLE030209,Sampoh,SLE030209010
Northern,SL02,Port Loko,SL0204,Koya,SLE020412,Roponka,SLE020412017
Southern,SL03,Pujehun,SL0304,Barri,SLE030401,Fallay,SLE030401002
Southern,SL03,Pujehun,SL0304,Barri,SLE030401,Jougba,SLE030401003
Southern,SL03,Pujehun,SL0304,Barri,SLE030401,Karjei,SLE030401004
Southern,SL03,Pujehun,SL0304,Galliness Perri,SLE030402,Bondor,SLE030402001
Southern,SL03,Pujehun,SL0304,Galliness Perri,SLE030402,Dabeni,SLE030402002
Southern,SL03,Pujehun,SL0304,Barri,SLE030401,Laimba,SLE030401005
Southern,SL03,Pujehun,SL0304,Barri,SLE030401,Malla,SLE030401006
Southern,SL03,Pujehun,SL0304,Barri,SLE030401,Sonjour I,SLE030401007
Southern,SL03,Pujehun,SL0304,Barri,SLE030401,Sonjour II,SLE030401008
Southern,SL03,Pujehun,SL0304,Barri,SLE030401,Tetima,SLE030401009
Southern,SL03,Pujehun,SL0304,Kpaka,SLE030403,Jassende Ngoleima,SLE030403004
Southern,SL03,Pujehun,SL0304,Galliness Perri,SLE030402,Dakona,SLE030402003
Southern,SL03,Pujehun,SL0304,Galliness Perri,SLE030402,Gendema I,SLE030402004
Southern,SL03,Pujehun,SL0304,Galliness Perri,SLE030402,Gendema II,SLE030402005
Southern,SL03,Pujehun,SL0304,Galliness Perri,SLE030402,Jakema I,SLE030402006
Southern,SL03,Pujehun,SL0304,Yakemu Kpukumu krim,SLE030412,Kemo-wa,SLE030412008
Southern,SL03,Pujehun,SL0304,Galliness Perri,SLE030402,Joya,SLE030402008
Southern,SL03,Pujehun,SL0304,Galliness Perri,SLE030402,Kemokai,SLE030402009
Southern,SL03,Pujehun,SL0304,Galliness Perri,SLE030402,Kortugbu,SLE030402010
Southern,SL03,Pujehun,SL0304,Galliness Perri,SLE030402,Mallah,SLE030402011
Southern,SL03,Pujehun,SL0304,Galliness Perri,SLE030402,Mewah,SLE030402012
Southern,SL03,Pujehun,SL0304,Kpaka,SLE030403,Jassende Ngoleima,SLE030403003
Southern,SL03,Pujehun,SL0304,Kpaka,SLE030403,Nyango - Njeigbla,SLE030403005
Southern,SL03,Pujehun,SL0304,Kpaka,SLE030403,Nyango-Ngoleihun,SLE030403006
Southern,SL03,Pujehun,SL0304,Kpaka,SLE030403,Parvu,SLE030403007
Southern,SL03,Pujehun,SL0304,Kpaka,SLE030403,Sarbah,SLE030403008
Southern,SL03,Pujehun,SL0304,Panga Kabonde,SLE030404,Lower Kayiemba,SLE030404005
Southern,SL03,Pujehun,SL0304,Panga Kabonde,SLE030404,Samba,SLE030404008
Southern,SL03,Pujehun,SL0304,Panga Kabonde,SLE030404,Upper Kayiemba,SLE030404010
Southern,SL03,Pujehun,SL0304,Makpele,SLE030405,Kengo,SLE030405001
Southern,SL03,Pujehun,SL0304,Panga Kabonde,SLE030404,Panga,SLE030404006
Southern,SL03,Pujehun,SL0304,Panga Kabonde,SLE030404,Pessekeh,SLE030404007
Southern,SL03,Pujehun,SL0304,Panga Kabonde,SLE030404,Setti-Yakanday,SLE030404009
Southern,SL03,Pujehun,SL0304,Makpele,SLE030405,Samagbe,SLE030405002
Southern,SL03,Pujehun,SL0304,Malen,SLE030406,Kakpanda,SLE030406003
Southern,SL03,Pujehun,SL0304,Makpele,SLE030405,Seitua,SLE030405003
Southern,SL03,Pujehun,SL0304,Mono Sakrim,SLE030407,Gbomotie,SLE030407001
Southern,SL03,Pujehun,SL0304,Makpele,SLE030405,Selimeh,SLE030405004
Southern,SL03,Pujehun,SL0304,Malen,SLE030406,Bahoin,SLE030406001
Southern,SL03,Pujehun,SL0304,Malen,SLE030406,Kahaimoh,SLE030406002
Southern,SL03,Pujehun,SL0304,Malen,SLE030406,Kemoh,SLE030406004
Southern,SL03,Pujehun,SL0304,Sowa,SLE030411,Sabba II,SLE030411003
Southern,SL03,Pujehun,SL0304,Malen,SLE030406,Korwa,SLE030406005
Southern,SL03,Pujehun,SL0304,Malen,SLE030406,Lower Pemba,SLE030406006
Southern,SL03,Pujehun,SL0304,Malen,SLE030406,Seijeila,SLE030406007
Southern,SL03,Pujehun,SL0304,Malen,SLE030406,Taukunor,SLE030406008
Southern,SL03,Pujehun,SL0304,Mono Sakrim,SLE030407,Sowa,SLE030407008
Southern,SL03,Pujehun,SL0304,Malen,SLE030406,Upper Pemba,SLE030406009
Southern,SL03,Pujehun,SL0304,Mono Sakrim,SLE030407,Kemoh,SLE030407002
Southern,SL03,Pujehun,SL0304,Mono Sakrim,SLE030407,Makpondo,SLE030407003
Southern,SL03,Pujehun,SL0304,Mono Sakrim,SLE030407,Masanda Majagbe,SLE030407004
Southern,SL03,Pujehun,SL0304,Mono Sakrim,SLE030407,Pullie,SLE030407006
Southern,SL03,Pujehun,SL0304,Mono Sakrim,SLE030407,Sitta,SLE030407007
Southern,SL03,Pujehun,SL0304,Panga Krim,SLE030408,Fassei,SLE030408001
Eastern,SL01,Kailahun,SL0101,Penguia,SLE010112,Nimima,SLE010112005
Southern,SL03,Pujehun,SL0304,Panga Krim,SLE030408,Pemagbie,SLE030408002
Southern,SL03,Pujehun,SL0304,Panga Krim,SLE030408,Samba,SLE030408003
Southern,SL03,Pujehun,SL0304,Panga Krim,SLE030408,Somasa,SLE030408004
Southern,SL03,Pujehun,SL0304,Pejeh(Futa Pejeh),SLE030409,Koilenga,SLE030409001
Southern,SL03,Pujehun,SL0304,Pejeh(Futa Pejeh),SLE030409,Pejeh East,SLE030409002
Southern,SL03,Pujehun,SL0304,Pejeh(Futa Pejeh),SLE030409,Pejeh West,SLE030409003
Southern,SL03,Pujehun,SL0304,Soro Gbema,SLE030410,Kemokai,SLE030410001
Southern,SL03,Pujehun,SL0304,Soro Gbema,SLE030410,Kengo,SLE030410002
Southern,SL03,Pujehun,SL0304,Soro Gbema,SLE030410,Kiazombo,SLE030410003
Southern,SL03,Pujehun,SL0304,Soro Gbema,SLE030410,Mano - River,SLE030410004
Southern,SL03,Pujehun,SL0304,Soro Gbema,SLE030410,Massaquoi I,SLE030410005
Southern,SL03,Pujehun,SL0304,Soro Gbema,SLE030410,Massaquoi II,SLE030410006
Southern,SL03,Pujehun,SL0304,Soro Gbema,SLE030410,Moiwebu,SLE030410007
Southern,SL03,Pujehun,SL0304,Sowa,SLE030411,Sabba I,SLE030411002
Southern,SL03,Pujehun,SL0304,Sowa,SLE030411,Upper Geoma,SLE030411004
Southern,SL03,Pujehun,SL0304,Soro Gbema,SLE030410,Zoker I,SLE030410008
Southern,SL03,Pujehun,SL0304,Soro Gbema,SLE030410,Zoker II,SLE030410009
Southern,SL03,Pujehun,SL0304,Soro Gbema,SLE030410,Zombo,SLE030410010
Southern,SL03,Pujehun,SL0304,Sowa,SLE030411,Lower Geoma,SLE030411001
Southern,SL03,Bonthe,SL0302,Bendu-Cha,SLE030201,Gba-Cha,SLE030201001
Southern,SL03,Bonthe,SL0302,Bendu-Cha,SLE030201,Sokenteh,SLE030201002
Northern,SL02,Koinadugu,SL0203,Sulima,SLE020309,Laylay,SLE020309011
Southern,SL03,Bonthe,SL0302,Bendu-Cha,SLE030201,Tissagbe,SLE030201003
Southern,SL03,Bonthe,SL0302,Bendu-Cha,SLE030201,Yallan-gbokie,SLE030201004
Southern,SL03,Bonthe,SL0302,Bum,SLE030202,Koimato,SLE030202004
Southern,SL03,Bonthe,SL0302,Bum,SLE030202,Lanje,SLE030202005
Southern,SL03,Bonthe,SL0302,Bum,SLE030202,Tamba,SLE030202006
Southern,SL03,Bonthe,SL0302,Bum,SLE030202,Torma,SLE030202007
Southern,SL03,Bonthe,SL0302,Bum,SLE030202,Yargbe,SLE030202008
Southern,SL03,Bonthe,SL0302,Kwamebai Krim,SLE030207,Tun-Tun Sullay,SLE030207006
Southern,SL03,Bonthe,SL0302,Bum,SLE030202,Yawma,SLE030202009
Southern,SL03,Bonthe,SL0302,Dema,SLE030203,Chepo,SLE030203001
Southern,SL03,Bonthe,SL0302,Dema,SLE030203,Dema,SLE030203002
Southern,SL03,Bonthe,SL0302,Dema,SLE030203,Yoh,SLE030203004
Southern,SL03,Bonthe,SL0302,Kwamebai Krim,SLE030207,Yikie Karbay,SLE030207007
Southern,SL03,Bonthe,SL0302,Dema,SLE030203,Turtle Islands,SLE030203003
Southern,SL03,Bonthe,SL0302,Imperri,SLE030204,Babum,SLE030204001
Southern,SL03,Bonthe,SL0302,Imperri,SLE030204,Bapus,SLE030204002
Southern,SL03,Bonthe,SL0302,Imperri,SLE030204,Bigo,SLE030204003
Southern,SL03,Bonthe,SL0302,Nongoba Bullom,SLE030208,Baoma,SLE030208001
Southern,SL03,Bonthe,SL0302,Imperri,SLE030204,Moimaligie,SLE030204005
Southern,SL03,Bonthe,SL0302,Jong,SLE030205,Basiaka,SLE030205001
Southern,SL03,Bonthe,SL0302,Jong,SLE030205,Bayengbe,SLE030205002
Southern,SL03,Bonthe,SL0302,Imperri,SLE030204,Sokrapan,SLE030204006
Southern,SL03,Bonthe,SL0302,Jong,SLE030205,Beyinga,SLE030205003
Southern,SL03,Bonthe,SL0302,Jong,SLE030205,Falewuja,SLE030205004
Southern,SL03,Bonthe,SL0302,Jong,SLE030205,Kumabeh-Kwe,SLE030205005
Southern,SL03,Bonthe,SL0302,Jong,SLE030205,Landi-Ngere,SLE030205006
Northern,SL02,Bombali,SL0201,Sanda Loko,SLE020110,Timbo,SLE020110015
Southern,SL03,Bonthe,SL0302,Jong,SLE030205,Sopan-Cleveland,SLE030205007
Southern,SL03,Bonthe,SL0302,Jong,SLE030205,Tucker-Nyambe,SLE030205008
Southern,SL03,Bonthe,SL0302,Kpanda Kemo,SLE030206,Bewoni,SLE030206002
Southern,SL03,Bonthe,SL0302,Kpanda Kemo,SLE030206,Gbonge,SLE030206003
Southern,SL03,Bonthe,SL0302,Sittia,SLE030209,Bamba,SLE030209001
Southern,SL03,Bonthe,SL0302,Sittia,SLE030209,Gonoh,SLE030209002
Southern,SL03,Bonthe,SL0302,Sittia,SLE030209,Kamai,SLE030209003
Southern,SL03,Bonthe,SL0302,Sittia,SLE030209,Kwalloh,SLE030209004
Southern,SL03,Bonthe,SL0302,Sittia,SLE030209,Moh,SLE030209005
Southern,SL03,Bonthe,SL0302,Sittia,SLE030209,Ngepay,SLE030209006
Southern,SL03,Bonthe,SL0302,Sittia,SLE030209,Saama,SLE030209007
Southern,SL03,Bonthe,SL0302,Sittia,SLE030209,Yoni,SLE030209011
Southern,SL03,Bonthe,SL0302,Sogbeni,SLE030210,Bakumba,SLE030210001
Southern,SL03,Bonthe,SL0302,Sogbeni,SLE030210,Beyorgboh,SLE030210002
Southern,SL03,Bonthe,SL0302,Sogbeni,SLE030210,Ndopie,SLE030210003
Southern,SL03,Bonthe,SL0302,Sogbeni,SLE030210,Pengor,SLE030210004
Southern,SL03,Bonthe,SL0302,Yawbeko,SLE030211,Baryegbe,SLE030211001
Southern,SL03,Bonthe,SL0302,Yawbeko,SLE030211,Hahun,SLE030211002
Southern,SL03,Bonthe,SL0302,Yawbeko,SLE030211,Ketaway,SLE030211003
Southern,SL03,Moyamba,SL0303,Dasse,SLE030303,Semabu,SLE030303009
Southern,SL03,Bo,SL0301,Selenga,SLE030112,Old Town,SLE030112003
Southern,SL03,Bonthe,SL0302,Yawbeko,SLE030211,Mobulie,SLE030211004
Southern,SL03,Bonthe,SL0302,Yawbeko,SLE030211,Yorma,SLE030211005
Southern,SL03,Moyamba,SL0303,Bagruwa,SLE030301,Kawaya,SLE030301003
Southern,SL03,Bonthe,SL0302,Bonthe Urban,SLE030291,Bonthe Town,SLE030291001
Southern,SL03,Moyamba,SL0303,Bagruwa,SLE030301,Benduma,SLE030301001
Southern,SL03,Moyamba,SL0303,Dasse,SLE030303,Bambuibu Tommy,SLE030303001
Southern,SL03,Moyamba,SL0303,Bagruwa,SLE030301,Kigbai,SLE030301004
Southern,SL03,Moyamba,SL0303,Bagruwa,SLE030301,Mani,SLE030301005
Southern,SL03,Moyamba,SL0303,Dasse,SLE030303,Bongoya,SLE030303002
Southern,SL03,Moyamba,SL0303,Bagruwa,SLE030301,Mokassi,SLE030301006
Southern,SL03,Moyamba,SL0303,Bagruwa,SLE030301,Moseilolo,SLE030301007
Southern,SL03,Moyamba,SL0303,Bumpeh,SLE030302,Bellentin,SLE030302001
Southern,SL03,Moyamba,SL0303,Bagruwa,SLE030301,Palima,SLE030301008
Southern,SL03,Moyamba,SL0303,Bagruwa,SLE030301,Sembehun,SLE030301009
Southern,SL03,Moyamba,SL0303,Dasse,SLE030303,Wonkifore,SLE030303013
Southern,SL03,Moyamba,SL0303,Bumpeh,SLE030302,Bumpeh,SLE030302002
Southern,SL03,Moyamba,SL0303,Bumpeh,SLE030302,Greema,SLE030302003
Southern,SL03,Moyamba,SL0303,Bumpeh,SLE030302,Saiama,SLE030302011
Southern,SL03,Moyamba,SL0303,Bumpeh,SLE030302,Kassipoto,SLE030302004
Southern,SL03,Moyamba,SL0303,Bumpeh,SLE030302,Mamu,SLE030302005
Southern,SL03,Moyamba,SL0303,Dasse,SLE030303,Domboma,SLE030303003
Southern,SL03,Moyamba,SL0303,Bumpeh,SLE030302,Massah,SLE030302006
Southern,SL03,Moyamba,SL0303,Bumpeh,SLE030302,Moforay,SLE030302007
Southern,SL03,Moyamba,SL0303,Bumpeh,SLE030302,Mokebbie,SLE030302008
Southern,SL03,Moyamba,SL0303,Bumpeh,SLE030302,Motobon,SLE030302009
Southern,SL03,Moyamba,SL0303,Bumpeh,SLE030302,Moyemi,SLE030302010
Southern,SL03,Moyamba,SL0303,Dasse,SLE030303,Foya Tewei,SLE030303004
Southern,SL03,Moyamba,SL0303,Bumpeh,SLE030302,Samu,SLE030302012
Southern,SL03,Moyamba,SL0303,Bumpeh,SLE030302,Yengessa,SLE030302013
Southern,SL03,Moyamba,SL0303,Dasse,SLE030303,Jayahun,SLE030303005
Southern,SL03,Moyamba,SL0303,Dasse,SLE030303,Kenema,SLE030303006
Southern,SL03,Moyamba,SL0303,Dasse,SLE030303,Mano,SLE030303007
Southern,SL03,Moyamba,SL0303,Dasse,SLE030303,Niti Korley,SLE030303008
Southern,SL03,Moyamba,SL0303,Dasse,SLE030303,Taninahun Gomoh,SLE030303010
Southern,SL03,Moyamba,SL0303,Dasse,SLE030303,Taninahun Kapuima,SLE030303011
Southern,SL03,Moyamba,SL0303,Dasse,SLE030303,Timindi,SLE030303012
Eastern,SL01,Kenema,SL0102,Simbaru,SLE010213,Fallay,SLE010213002
Southern,SL03,Moyamba,SL0303,Fakunya,SLE030304,Fakoi,SLE030304001
Southern,SL03,Moyamba,SL0303,Fakunya,SLE030304,Gandorhun Central,SLE030304002
Southern,SL03,Moyamba,SL0303,Fakunya,SLE030304,Kovella,SLE030304003
Eastern,SL01,Kenema,SL0102,Gaura,SLE010203,Sandaru,SLE010203005
Southern,SL03,Moyamba,SL0303,Fakunya,SLE030304,Kpangulgo,SLE030304004
Southern,SL03,Moyamba,SL0303,Fakunya,SLE030304,Kunyafoi,SLE030304005
Southern,SL03,Moyamba,SL0303,Fakunya,SLE030304,Maninga,SLE030304006
Southern,SL03,Moyamba,SL0303,Fakunya,SLE030304,Njawa,SLE030304007
Southern,SL03,Moyamba,SL0303,Fakunya,SLE030304,Songo,SLE030304008
Southern,SL03,Moyamba,SL0303,Kagboro,SLE030305,Mobeh,SLE030305008
Southern,SL03,Moyamba,SL0303,Fakunya,SLE030304,Tangbla,SLE030304009
Southern,SL03,Moyamba,SL0303,Fakunya,SLE030304,To - Ndambalenga,SLE030304010
Eastern,SL01,Kailahun,SL0101,Luawa,SLE010108,Mofindor,SLE010108009
Southern,SL03,Moyamba,SL0303,Fakunya,SLE030304,Tullu,SLE030304011
Southern,SL03,Moyamba,SL0303,Kagboro,SLE030305,Bendu A,SLE030305001
Southern,SL03,Moyamba,SL0303,Kagboro,SLE030305,Gbuallay,SLE030305004
Eastern,SL01,Kenema,SL0102,Gaura,SLE010203,Sembehun,SLE010203006
Southern,SL03,Moyamba,SL0303,Kagboro,SLE030305,Bendu B,SLE030305002
Southern,SL03,Moyamba,SL0303,Kagboro,SLE030305,Bumpetoke,SLE030305003
Southern,SL03,Moyamba,SL0303,Kagboro,SLE030305,Mano,SLE030305007
Southern,SL03,Moyamba,SL0303,Kagboro,SLE030305,Konolor,SLE030305005
Southern,SL03,Moyamba,SL0303,Kagboro,SLE030305,Mambo,SLE030305006
Southern,SL03,Moyamba,SL0303,Kagboro,SLE030305,Mofuss,SLE030305009
Southern,SL03,Moyamba,SL0303,Kagboro,SLE030305,Mokandor,SLE030305010
Eastern,SL01,Kenema,SL0102,Kandu Leppiama,SLE010205,Borley,SLE010205001
Southern,SL03,Moyamba,SL0303,Kagboro,SLE030305,Mokebe,SLE030305011
Southern,SL03,Moyamba,SL0303,Kagboro,SLE030305,Mokobo,SLE030305012
Southern,SL03,Moyamba,SL0303,Kagboro,SLE030305,Rembe,SLE030305017
Northern,SL02,Port Loko,SL0204,Bureh Kasseh Makonteh,SLE020401,Mamanka,SLE020401009
Southern,SL03,Moyamba,SL0303,Kagboro,SLE030305,Mopaileh,SLE030305013
Southern,SL03,Moyamba,SL0303,Kagboro,SLE030305,Moyah,SLE030305014
Southern,SL03,Moyamba,SL0303,Kagboro,SLE030305,Moyibo,SLE030305015
Southern,SL03,Moyamba,SL0303,Kagboro,SLE030305,Ngiehun,SLE030305016
Southern,SL03,Moyamba,SL0303,Kagboro,SLE030305,Tassoh,SLE030305018
Southern,SL03,Moyamba,SL0303,Kowa,SLE030310,Moforay,SLE030310002
Southern,SL03,Moyamba,SL0303,Kagboro,SLE030305,Thumba A,SLE030305019
Southern,SL03,Moyamba,SL0303,Kagboro,SLE030305,Thumba B,SLE030305020
Southern,SL03,Moyamba,SL0303,Kowa,SLE030310,Tabe,SLE030310007
Southern,SL03,Moyamba,SL0303,Kagboro,SLE030305,Yondu,SLE030305021
Southern,SL03,Moyamba,SL0303,Kaiyamba,SLE030306,Angigboya,SLE030306001
Southern,SL03,Moyamba,SL0303,Kaiyamba,SLE030306,Koromboya,SLE030306002
Southern,SL03,Moyamba,SL0303,Lower Banta,SLE030311,Mofindoh,SLE030311004
Southern,SL03,Moyamba,SL0303,Kaiyamba,SLE030306,Kpange,SLE030306003
Southern,SL03,Moyamba,SL0303,Kaiyamba,SLE030306,Lungili,SLE030306004
Southern,SL03,Moyamba,SL0303,Kongbora,SLE030308,Mobonor,SLE030308003
Southern,SL03,Moyamba,SL0303,Kaiyamba,SLE030306,Mendegelema,SLE030306005
Southern,SL03,Moyamba,SL0303,Kaiyamba,SLE030306,Waliwahun,SLE030306007
Eastern,SL01,Kailahun,SL0101,Penguia,SLE010112,Lombama,SLE010112004
Southern,SL03,Moyamba,SL0303,Kaiyamba,SLE030306,Mosoe,SLE030306006
Southern,SL03,Moyamba,SL0303,Kamajei,SLE030307,Kowama,SLE030307001
Southern,SL03,Moyamba,SL0303,Kamajei,SLE030307,Mogbuama,SLE030307002
Southern,SL03,Moyamba,SL0303,Kamajei,SLE030307,Ngiegombu,SLE030307003
Southern,SL03,Moyamba,SL0303,Kamajei,SLE030307,Ngoahun,SLE030307004
Southern,SL03,Moyamba,SL0303,Kamajei,SLE030307,Tawovehun,SLE030307006
Southern,SL03,Moyamba,SL0303,Kongbora,SLE030308,Gibina,SLE030308001
Southern,SL03,Moyamba,SL0303,Kongbora,SLE030308,Gondama,SLE030308002
Eastern,SL01,Kenema,SL0102,Langrama,SLE010207,Korjei,SLE010207001
Southern,SL03,Moyamba,SL0303,Kongbora,SLE030308,Mokorewo,SLE030308004
Southern,SL03,Moyamba,SL0303,Kongbora,SLE030308,Mongere,SLE030308005
Southern,SL03,Bo,SL0301,Bagbo,SLE030102,Kpangbalia,SLE030102004
Southern,SL03,Moyamba,SL0303,Kongbora,SLE030308,Mosongla,SLE030308006
Southern,SL03,Moyamba,SL0303,Kongbora,SLE030308,Mowoto,SLE030308007
Southern,SL03,Moyamba,SL0303,Kongbora,SLE030308,Senehun,SLE030308008
Southern,SL03,Moyamba,SL0303,Kongbora,SLE030308,Taninihun,SLE030308009
Southern,SL03,Moyamba,SL0303,Kongbora,SLE030308,Tongieh,SLE030308010
Southern,SL03,Moyamba,SL0303,Kori,SLE030309,Zone - 1,SLE030309001
Southern,SL03,Moyamba,SL0303,Kori,SLE030309,Zone - 2,SLE030309002
Southern,SL03,Moyamba,SL0303,Kori,SLE030309,Zone - 3,SLE030309003
Southern,SL03,Moyamba,SL0303,Kori,SLE030309,Zone - 4,SLE030309004
Southern,SL03,Moyamba,SL0303,Kori,SLE030309,Zone - 5,SLE030309005
Southern,SL03,Moyamba,SL0303,Kori,SLE030309,Zone - 6,SLE030309006
Southern,SL03,Moyamba,SL0303,Kori,SLE030309,Zone - 7,SLE030309007
Southern,SL03,Moyamba,SL0303,Kowa,SLE030310,Kpandobu,SLE030310001
Eastern,SL01,Kenema,SL0102,Dama,SLE010201,Fowai,SLE010201004
Southern,SL03,Moyamba,SL0303,Kowa,SLE030310,Mosumana,SLE030310003
Southern,SL03,Moyamba,SL0303,Kowa,SLE030310,Ngiyeiya,SLE030310004
Southern,SL03,Moyamba,SL0303,Kowa,SLE030310,Njagbahun,SLE030310005
Southern,SL03,Moyamba,SL0303,Kowa,SLE030310,Njama,SLE030310006
Southern,SL03,Moyamba,SL0303,Kowa,SLE030310,Tawoveihun,SLE030310008
Southern,SL03,Moyamba,SL0303,Lower Banta,SLE030311,Bengelloh,SLE030311001
Southern,SL03,Moyamba,SL0303,Lower Banta,SLE030311,Mokotawa,SLE030311005
Southern,SL03,Moyamba,SL0303,Lower Banta,SLE030311,Gbangbatoke,SLE030311002
Southern,SL03,Moyamba,SL0303,Lower Banta,SLE030311,Largoh,SLE030311003
Northern,SL02,Kambia,SL0202,Bramaia,SLE020201,Kukuna,SLE020201014
Southern,SL03,Moyamba,SL0303,Lower Banta,SLE030311,Ndendemoya,SLE030311006
Southern,SL03,Moyamba,SL0303,Lower Banta,SLE030311,Ngolala,SLE030311007
Southern,SL03,Moyamba,SL0303,Lower Banta,SLE030311,Njagbahun,SLE030311008
Southern,SL03,Moyamba,SL0303,Lower Banta,SLE030311,Wulbange,SLE030311009
Southern,SL03,Moyamba,SL0303,Ribbi,SLE030312,Kentineh,SLE030312001
Southern,SL03,Moyamba,SL0303,Ribbi,SLE030312,Makera,SLE030312003
Eastern,SL01,Kenema,SL0102,Dama,SLE010201,Klajie,SLE010201005
Southern,SL03,Moyamba,SL0303,Ribbi,SLE030312,Masanka,SLE030312004
Southern,SL03,Moyamba,SL0303,Ribbi,SLE030312,Masarakulay,SLE030312005
Southern,SL03,Moyamba,SL0303,Ribbi,SLE030312,Motonkoh,SLE030312008
Southern,SL03,Moyamba,SL0303,Ribbi,SLE030312,Mobureh,SLE030312006
Southern,SL03,Moyamba,SL0303,Ribbi,SLE030312,Motoni,SLE030312007
Southern,SL03,Bo,SL0301,Boama,SLE030104,Kimaya,SLE030104003
Southern,SL03,Moyamba,SL0303,Ribbi,SLE030312,Upper Ribbi,SLE030312009
Southern,SL03,Moyamba,SL0303,Ribbi,SLE030312,Yoni,SLE030312010
Eastern,SL01,Kenema,SL0102,Dodo,SLE010202,Karteh,SLE010202005
Southern,SL03,Moyamba,SL0303,Timdale,SLE030313,Bembellor,SLE030313001
Southern,SL03,Moyamba,SL0303,Timdale,SLE030313,Gambia,SLE030313002
Southern,SL03,Moyamba,SL0303,Timdale,SLE030313,Gbehan,SLE030313003
Southern,SL03,Moyamba,SL0303,Timdale,SLE030313,Kamasunu,SLE030313004
Southern,SL03,Moyamba,SL0303,Timdale,SLE030313,Kambotoke,SLE030313005
Eastern,SL01,Kenema,SL0102,Gaura,SLE010203,Mendekelema,SLE010203004
Southern,SL03,Moyamba,SL0303,Timdale,SLE030313,Kebail,SLE030313006
Southern,SL03,Moyamba,SL0303,Timdale,SLE030313,Mandu,SLE030313007
Southern,SL03,Moyamba,SL0303,Timdale,SLE030313,Mye,SLE030313008
Southern,SL03,Moyamba,SL0303,Timdale,SLE030313,Nonkoba,SLE030313009
Southern,SL03,Moyamba,SL0303,Timdale,SLE030313,Sahan,SLE030313010
Southern,SL03,Moyamba,SL0303,Timdale,SLE030313,Tombeh,SLE030313011
Southern,SL03,Moyamba,SL0303,Timdale,SLE030313,Yapoma,SLE030313012
Southern,SL03,Moyamba,SL0303,Upper Banta,SLE030314,Bei-Kelleh,SLE030314001
Southern,SL03,Moyamba,SL0303,Upper Banta,SLE030314,Kenafallay,SLE030314002
Southern,SL03,Moyamba,SL0303,Upper Banta,SLE030314,Kepay,SLE030314003
Southern,SL03,Moyamba,SL0303,Upper Banta,SLE030314,Mogongbe,SLE030314004
Southern,SL03,Moyamba,SL0303,Upper Banta,SLE030314,Songbo,SLE030314005
Eastern,SL01,Kenema,SL0102,Dama,SLE010201,Dakowa,SLE010201001
Eastern,SL01,Kenema,SL0102,Dama,SLE010201,Danyadejo,SLE010201002
Eastern,SL01,Kenema,SL0102,Dama,SLE010201,Dassama,SLE010201003
Eastern,SL01,Kenema,SL0102,Dama,SLE010201,Lower Dabor,SLE010201006
Eastern,SL01,Kenema,SL0102,Dama,SLE010201,Upper Dabor,SLE010201007
Eastern,SL01,Kenema,SL0102,Dodo,SLE010202,Bambara,SLE010202001
Eastern,SL01,Kenema,SL0102,Dodo,SLE010202,Bonya,SLE010202002
Eastern,SL01,Kenema,SL0102,Dodo,SLE010202,Bundoryama,SLE010202003
Eastern,SL01,Kenema,SL0102,Dodo,SLE010202,Gorama,SLE010202004
Eastern,SL01,Kenema,SL0102,Dodo,SLE010202,Korgay,SLE010202006
Eastern,SL01,Kenema,SL0102,Dodo,SLE010202,Seiwor,SLE010202007
Eastern,SL01,Kenema,SL0102,Gaura,SLE010203,Giebu,SLE010203001
Eastern,SL01,Kenema,SL0102,Gaura,SLE010203,Joru,SLE010203002
Eastern,SL01,Kenema,SL0102,Gaura,SLE010203,Kokoru,SLE010203003
Eastern,SL01,Kenema,SL0102,Gorama Mende,SLE010204,Biatong,SLE010204001
Eastern,SL01,Kenema,SL0102,Gorama Mende,SLE010204,Famanjo,SLE010204002
Eastern,SL01,Kenema,SL0102,Gorama Mende,SLE010204,Kaklawa,SLE010204003
Eastern,SL01,Kenema,SL0102,Gorama Mende,SLE010204,Kualley,SLE010204004
Eastern,SL01,Kenema,SL0102,Kandu Leppiama,SLE010205,Gboro-Lokoma,SLE010205002
Eastern,SL01,Kenema,SL0102,Kandu Leppiama,SLE010205,Karga,SLE010205003
Eastern,SL01,Kenema,SL0102,Kandu Leppiama,SLE010205,Sonnie,SLE010205004
Northern,SL02,Kambia,SL0202,Bramaia,SLE020201,Laminaia,SLE020201015
Eastern,SL01,Kenema,SL0102,Koya,SLE010206,Joi,SLE010206001
Eastern,SL01,Kenema,SL0102,Koya,SLE010206,Koya Gbundohun,SLE010206002
Eastern,SL01,Kenema,SL0102,Koya,SLE010206,Menima,SLE010206003
Eastern,SL01,Kenema,SL0102,Koya,SLE010206,Serabu,SLE010206004
Eastern,SL01,Kenema,SL0102,Koya,SLE010206,Upper Koya,SLE010206005
Northern,SL02,Kambia,SL0202,Bramaia,SLE020201,Sansangie,SLE020201016
Eastern,SL01,Kenema,SL0102,Langrama,SLE010207,Njeiwoma,SLE010207002
Eastern,SL01,Kenema,SL0102,Lower Bambara,SLE010208,Bonya,SLE010208001
Eastern,SL01,Kenema,SL0102,Lower Bambara,SLE010208,Korjei Ngieya,SLE010208005
Northern,SL02,Kambia,SL0202,Bramaia,SLE020201,Seduya,SLE020201017
Eastern,SL01,Kenema,SL0102,Lower Bambara,SLE010208,Fallay,SLE010208002
Eastern,SL01,Kenema,SL0102,Lower Bambara,SLE010208,Gboro,SLE010208003
Eastern,SL01,Kenema,SL0102,Lower Bambara,SLE010208,Korjei Buima,SLE010208004
Eastern,SL01,Kenema,SL0102,Malegohun,SLE010209,Konjo Buiima,SLE010209003
Eastern,SL01,Kenema,SL0102,Lower Bambara,SLE010208,Nyawa,SLE010208006
Eastern,SL01,Kenema,SL0102,Lower Bambara,SLE010208,Sei,SLE010208007
Eastern,SL01,Kenema,SL0102,Malegohun,SLE010209,Hulorhun Njagbudor,SLE010209001
Eastern,SL01,Kenema,SL0102,Malegohun,SLE010209,Hulorhun Njeigor,SLE010209002
Eastern,SL01,Kenema,SL0102,Malegohun,SLE010209,Konjo Njeigor,SLE010209004
Eastern,SL01,Kenema,SL0102,Malegohun,SLE010209,Konjo Yematanga,SLE010209005
Eastern,SL01,Kenema,SL0102,Malegohun,SLE010209,Lower Torgboma,SLE010209006
Eastern,SL01,Kenema,SL0102,Malegohun,SLE010209,Upper Torgboma,SLE010209007
Eastern,SL01,Kenema,SL0102,Niawa,SLE010210,Bandawor,SLE010210001
Eastern,SL01,Kenema,SL0102,Niawa,SLE010210,Kpatawa,SLE010210002
Eastern,SL01,Kailahun,SL0101,Njaluahun,SLE010111,Gboo,SLE010111005
Eastern,SL01,Kenema,SL0102,Niawa,SLE010210,Mabondor,SLE010210003
Eastern,SL01,Kenema,SL0102,Niawa,SLE010210,Niawa,SLE010210004
Eastern,SL01,Kenema,SL0102,Niawa,SLE010210,Vaama,SLE010210005
Eastern,SL01,Kenema,SL0102,Nomo,SLE010211,Faama,SLE010211001
Eastern,SL01,Kenema,SL0102,Nomo,SLE010211,Ngiebu,SLE010211002
Eastern,SL01,Kenema,SL0102,Nongowa,SLE010212,Dagbanya,SLE010212001
Eastern,SL01,Kenema,SL0102,Nongowa,SLE010212,Dakpana,SLE010212002
Eastern,SL01,Kenema,SL0102,Nongowa,SLE010212,Kona Foiya,SLE010212007
Eastern,SL01,Kenema,SL0102,Simbaru,SLE010213,Bundoryama,SLE010213001
Eastern,SL01,Kenema,SL0102,Nongowa,SLE010212,Gbo Kakajama B,SLE010212003
Eastern,SL01,Kenema,SL0102,Nongowa,SLE010212,Kona Kpindibu,SLE010212008
Eastern,SL01,Kenema,SL0102,Nongowa,SLE010212,Gbo Lambayama B,SLE010212004
Eastern,SL01,Kenema,SL0102,Nongowa,SLE010212,Kagbado Kamboima,SLE010212005
Eastern,SL01,Kenema,SL0102,Nongowa,SLE010212,Kagbado Njeigbla,SLE010212006
Eastern,SL01,Kenema,SL0102,Simbaru,SLE010213,Fonde,SLE010213003
Eastern,SL01,Kenema,SL0102,Simbaru,SLE010213,Yalenga,SLE010213004
Eastern,SL01,Kenema,SL0102,Small Bo,SLE010214,Fallay,SLE010214001
Eastern,SL01,Kenema,SL0102,Small Bo,SLE010214,Gorama,SLE010214002
Eastern,SL01,Kenema,SL0102,Wandor,SLE010216,Niawa,SLE010216004
Eastern,SL01,Kenema,SL0102,Small Bo,SLE010214,Kamboma,SLE010214003
Eastern,SL01,Kenema,SL0102,Small Bo,SLE010214,Niawa,SLE010214004
Eastern,SL01,Kenema,SL0102,Small Bo,SLE010214,Sowa,SLE010214005
Eastern,SL01,Kenema,SL0102,Wandor,SLE010216,Songhai,SLE010216005
Eastern,SL01,Kenema,SL0102,Tunkia,SLE010215,Daru,SLE010215001
Eastern,SL01,Kenema,SL0102,Tunkia,SLE010215,Gegbwema,SLE010215002
Eastern,SL01,Kenema,SL0102,Tunkia,SLE010215,Giewoma,SLE010215003
Eastern,SL01,Kenema,SL0102,Tunkia,SLE010215,Jewahun,SLE010215005
Eastern,SL01,Kenema,SL0102,Wandor,SLE010216,Tongorwa,SLE010216006
Northern,SL02,Kambia,SL0202,Bramaia,SLE020201,Shekaia,SLE020201018
Eastern,SL01,Kenema,SL0102,Tunkia,SLE010215,Kuawuma,SLE010215006
Eastern,SL01,Kenema,SL0102,Tunkia,SLE010215,Taninahun,SLE010215007
Eastern,SL01,Kenema,SL0102,Wandor,SLE010216,Boryongor,SLE010216001
Eastern,SL01,Kenema,SL0102,Wandor,SLE010216,Gbogbeima,SLE010216002
Eastern,SL01,Kenema,SL0102,Wandor,SLE010216,Kemoh,SLE010216003
Eastern,SL01,Kenema,SL0102,Kenema Town,SLE010291,Airfield,SLE010291001
Eastern,SL01,Kenema,SL0102,Kenema Town,SLE010291,Gbo Kakajama A-Bur,SLE010291002
Eastern,SL01,Kenema,SL0102,Kenema Town,SLE010291,Gbo Kakajama A-Lum,SLE010291003
Eastern,SL01,Kailahun,SL0101,Penguia,SLE010112,Bulima,SLE010112001
Eastern,SL01,Kenema,SL0102,Kenema Town,SLE010291,Gbo Lambayama A-Le,SLE010291004
Eastern,SL01,Kenema,SL0102,Kenema Town,SLE010291,Gbo Lambayama A-Re,SLE010291005
Eastern,SL01,Kenema,SL0102,Kenema Town,SLE010291,Gbo Kakajama A-Tec,SLE010291006
Eastern,SL01,Kenema,SL0102,Kenema Town,SLE010291,Gbo Kakajama A-Nja,SLE010291007
Eastern,SL01,Kenema,SL0102,Kenema Town,SLE010291,Gbo Kakajama A-Kpa,SLE010291008
Eastern,SL01,Kenema,SL0102,Kenema Town,SLE010291,Gbo Kakajama A-Kis,SLE010291009
Northern,SL02,Kambia,SL0202,Bramaia,SLE020201,Sulaimania,SLE020201019
Eastern,SL01,Kenema,SL0102,Kenema Town,SLE010291,Gbo Kakajama A-Shi,SLE010291010
Eastern,SL01,Kenema,SL0102,Kenema Town,SLE010291,Gbo Lambayama A-Nd,SLE010291012
Eastern,SL01,Kenema,SL0102,Kenema Town,SLE010291,Gbo Lambayama A-Ny,SLE010291011
Eastern,SL01,Kenema,SL0102,Kenema Town,SLE010291,Gbo Lambayama A-Fo,SLE010291013
Eastern,SL01,Kenema,SL0102,Kenema Town,SLE010291,Gbo Kakajama A-Lam,SLE010291014
Eastern,SL01,Kenema,SL0102,Kenema Town,SLE010291,Gbo Lambayama A-Go,SLE010291015
Eastern,SL01,Kenema,SL0102,Kenema Town,SLE010291,Gbo Lambayama A-RT,SLE010291016
Eastern,SL01,Kailahun,SL0101,Penguia,SLE010112,Kumatandu,SLE010112003
Eastern,SL01,Kenema,SL0102,Kenema Town,SLE010291,Gbo Lambayama A-Ko,SLE010291017
Eastern,SL01,Kailahun,SL0101,Dea,SLE010101,Baiwalla,SLE010101001
Eastern,SL01,Kailahun,SL0101,Dea,SLE010101,Dodo,SLE010101002
Eastern,SL01,Kailahun,SL0101,Dea,SLE010101,Sakiema,SLE010101003
Eastern,SL01,Kailahun,SL0101,Dea,SLE010101,Sienga,SLE010101004
Northern,SL02,Port Loko,SL0204,Koya,SLE020412,Mahera,SLE020412010
Eastern,SL01,Kailahun,SL0101,Jawie,SLE010102,Bobor,SLE010102001
Eastern,SL01,Kailahun,SL0101,Jawie,SLE010102,Kaio,SLE010102002
Eastern,SL01,Kailahun,SL0101,Jawie,SLE010102,Lower Giebu,SLE010102003
Eastern,SL01,Kailahun,SL0101,Jawie,SLE010102,Lower Luyengeh,SLE010102004
Eastern,SL01,Kailahun,SL0101,Jawie,SLE010102,Mano,SLE010102005
Northern,SL02,Kambia,SL0202,Bramaia,SLE020201,Teneba Bramaia,SLE020201020
Eastern,SL01,Kailahun,SL0101,Jawie,SLE010102,Sowa,SLE010102006
Eastern,SL01,Kailahun,SL0101,Jawie,SLE010102,Upper Giebu,SLE010102007
Eastern,SL01,Kailahun,SL0101,Jawie,SLE010102,Upper Luyengeh,SLE010102008
Eastern,SL01,Kailahun,SL0101,Kissi Kama,SLE010103,Dakaleley,SLE010103001
Eastern,SL01,Kailahun,SL0101,Kissi Kama,SLE010103,Kama Teng,SLE010103002
Eastern,SL01,Kailahun,SL0101,Luawa,SLE010108,Gao,SLE010108002
Eastern,SL01,Kailahun,SL0101,Kissi Kama,SLE010103,Kama Toh,SLE010103003
Eastern,SL01,Kailahun,SL0101,Kissi Teng,SLE010104,Bumasadu,SLE010104001
Eastern,SL01,Kailahun,SL0101,Kissi Teng,SLE010104,Konio,SLE010104002
Eastern,SL01,Kailahun,SL0101,Kissi Teng,SLE010104,Kundu,SLE010104003
Eastern,SL01,Kailahun,SL0101,Luawa,SLE010108,Mano-Sewallu,SLE010108007
Eastern,SL01,Kailahun,SL0101,Kissi Teng,SLE010104,Lela,SLE010104004
Eastern,SL01,Kailahun,SL0101,Kissi Teng,SLE010104,Torli,SLE010104005
Eastern,SL01,Kailahun,SL0101,Kissi Tongi,SLE010105,Bende Bengu,SLE010105001
Eastern,SL01,Kailahun,SL0101,Kissi Tongi,SLE010105,Tongi Tingi,SLE010105004
Eastern,SL01,Kailahun,SL0101,Kissi Tongi,SLE010105,Konio,SLE010105002
Eastern,SL01,Kailahun,SL0101,Kissi Tongi,SLE010105,Pokorli,SLE010105003
Eastern,SL01,Kailahun,SL0101,Kpeje Bongre,SLE010106,Bongre,SLE010106001
Eastern,SL01,Kailahun,SL0101,Kpeje Bongre,SLE010106,Borkou,SLE010106002
Eastern,SL01,Kailahun,SL0101,Kpeje Bongre,SLE010106,Falloh,SLE010106003
Eastern,SL01,Kailahun,SL0101,Kpeje Bongre,SLE010106,Jorwu,SLE010106004
Eastern,SL01,Kailahun,SL0101,Kpeje Bongre,SLE010106,Manowa,SLE010106005
Eastern,SL01,Kailahun,SL0101,Kpeje Bongre,SLE010106,Marwei,SLE010106006
Eastern,SL01,Kailahun,SL0101,Luawa,SLE010108,Mende Buima,SLE010108008
Eastern,SL01,Kailahun,SL0101,Kpeje Bongre,SLE010106,Seimaya,SLE010106007
Eastern,SL01,Kailahun,SL0101,Kpeje West,SLE010107,Bunumbu,SLE010107001
Eastern,SL01,Kailahun,SL0101,Kpeje West,SLE010107,Golama,SLE010107002
Eastern,SL01,Kailahun,SL0101,Kpeje West,SLE010107,Kpaewa,SLE010107003
Eastern,SL01,Kailahun,SL0101,Kpeje West,SLE010107,Kpindima,SLE010107004
Eastern,SL01,Kailahun,SL0101,Luawa,SLE010108,Baoma,SLE010108001
Eastern,SL01,Kailahun,SL0101,Luawa,SLE010108,Gbela,SLE010108003
Eastern,SL01,Kailahun,SL0101,Luawa,SLE010108,Giehun,SLE010108004
Eastern,SL01,Kailahun,SL0101,Luawa,SLE010108,Lower Kpombali,SLE010108005
Eastern,SL01,Kailahun,SL0101,Luawa,SLE010108,Luawa Foguiya,SLE010108006
Eastern,SL01,Kailahun,SL0101,Luawa,SLE010108,Upper Kpombali,SLE010108010
Eastern,SL01,Kailahun,SL0101,Malema,SLE010109,Bamburu,SLE010109001
Eastern,SL01,Kailahun,SL0101,Malema,SLE010109,Njagbla,SLE010109003
Eastern,SL01,Kailahun,SL0101,Malema,SLE010109,Pelegbambeima,SLE010109004
Eastern,SL01,Kailahun,SL0101,Malema,SLE010109,Upper Sami,SLE010109005
Eastern,SL01,Kailahun,SL0101,Mandu,SLE010110,Gbongre,SLE010110001
Eastern,SL01,Kailahun,SL0101,Mandu,SLE010110,Levuma Jeigbla,SLE010110002
Eastern,SL01,Kailahun,SL0101,Mandu,SLE010110,Lower Kuiva,SLE010110003
Eastern,SL01,Kailahun,SL0101,Njaluahun,SLE010111,Jonga,SLE010111006
Eastern,SL01,Kailahun,SL0101,Mandu,SLE010110,Upper Kuiva,SLE010110004
Eastern,SL01,Kailahun,SL0101,Njaluahun,SLE010111,Bombowa,SLE010111001
Eastern,SL01,Kailahun,SL0101,Njaluahun,SLE010111,Dan Sei,SLE010111002
Eastern,SL01,Kailahun,SL0101,Njaluahun,SLE010111,Falley,SLE010111003
Eastern,SL01,Kailahun,SL0101,Njaluahun,SLE010111,Fauya,SLE010111004
Northern,SL02,Kambia,SL0202,Bramaia,SLE020201,Turaya,SLE020201021
Eastern,SL01,Kailahun,SL0101,Njaluahun,SLE010111,Kargbu,SLE010111007
Eastern,SL01,Kailahun,SL0101,Njaluahun,SLE010111,Keimaya,SLE010111008
Eastern,SL01,Kailahun,SL0101,Njaluahun,SLE010111,Lower Nyawa,SLE010111009
Eastern,SL01,Kailahun,SL0101,Njaluahun,SLE010111,Sei I,SLE010111010
Eastern,SL01,Kailahun,SL0101,Njaluahun,SLE010111,Sei II,SLE010111011
Eastern,SL01,Kailahun,SL0101,Njaluahun,SLE010111,Upper Nyawa,SLE010111012
Northern,SL02,Kambia,SL0202,Gbinle Dixing,SLE020202,Gbinle,SLE020202001
Eastern,SL01,Kailahun,SL0101,Upper Bambara,SLE010113,Bambara,SLE010113001
Eastern,SL01,Kailahun,SL0101,Upper Bambara,SLE010113,Bomaru-guma,SLE010113002
Eastern,SL01,Kailahun,SL0101,Upper Bambara,SLE010113,Goleiwoma,SLE010113003
Southern,SL03,Bo,SL0301,Jaiama Bongor,SLE030107,Lower Baimba,SLE030107001
Southern,SL03,Bo,SL0301,Bagbo,SLE030102,Mano,SLE030102005
Eastern,SL01,Kailahun,SL0101,Upper Bambara,SLE010113,Golu,SLE010113004
Eastern,SL01,Kailahun,SL0101,Upper Bambara,SLE010113,Korbu,SLE010113005
Eastern,SL01,Kailahun,SL0101,Upper Bambara,SLE010113,Naiahun,SLE010113006
Eastern,SL01,Kailahun,SL0101,Yawei,SLE010114,Bendu,SLE010114001
Eastern,SL01,Kailahun,SL0101,Yawei,SLE010114,Kuiva Buima,SLE010114002
Eastern,SL01,Kailahun,SL0101,Yawei,SLE010114,Kuiva Jagor,SLE010114003
Eastern,SL01,Kailahun,SL0101,Yawei,SLE010114,Kuivawa,SLE010114004
Southern,SL03,Bo,SL0301,Badjia,SLE030101,Damai,SLE030101001
Southern,SL03,Bo,SL0301,Badjia,SLE030101,Fallay,SLE030101002
Southern,SL03,Bo,SL0301,Badjia,SLE030101,Kpallay,SLE030101003
Southern,SL03,Bo,SL0301,Bagbo,SLE030102,Niagorehun,SLE030102006
Southern,SL03,Bo,SL0301,Badjia,SLE030101,Njargbahun,SLE030101004
Southern,SL03,Bo,SL0301,Badjia,SLE030101,Sei,SLE030101005
Southern,SL03,Bo,SL0301,Bagbo,SLE030102,Bum,SLE030102001
Southern,SL03,Bo,SL0301,Bagbo,SLE030102,Gorapon,SLE030102002
Southern,SL03,Bo,SL0301,Bagbo,SLE030102,Jimmi,SLE030102003
Southern,SL03,Bo,SL0301,Bagbo,SLE030102,Tissana,SLE030102007
Southern,SL03,Bo,SL0301,Bagbwe(Bagbe),SLE030103,Jongo,SLE030103001
Southern,SL03,Bo,SL0301,Bagbwe(Bagbe),SLE030103,Kemoh,SLE030103002
Southern,SL03,Bo,SL0301,Bagbwe(Bagbe),SLE030103,Niawa,SLE030103003
Southern,SL03,Bo,SL0301,Bagbwe(Bagbe),SLE030103,Nyallay,SLE030103004
Southern,SL03,Bo,SL0301,Bagbwe(Bagbe),SLE030103,Samawa,SLE030103005
Southern,SL03,Bo,SL0301,Boama,SLE030104,Bambawo,SLE030104001
Southern,SL03,Bo,SL0301,Boama,SLE030104,Fallay,SLE030104002
Southern,SL03,Bo,SL0301,Boama,SLE030104,Lower Pataloo,SLE030104004
Southern,SL03,Bo,SL0301,Jaiama Bongor,SLE030107,Upper Kama,SLE030107007
Southern,SL03,Bo,SL0301,Boama,SLE030104,Mawojeh,SLE030104005
Southern,SL03,Bo,SL0301,Boama,SLE030104,Njeima,SLE030104006
Southern,SL03,Bo,SL0301,Boama,SLE030104,Sonnah,SLE030104007
Southern,SL03,Bo,SL0301,Boama,SLE030104,Upper Pataloo,SLE030104008
Southern,SL03,Bo,SL0301,Komboya,SLE030109,Kemoh,SLE030109002
Southern,SL03,Bo,SL0301,Bumpe Ngao,SLE030105,Bongo,SLE030105001
Southern,SL03,Bo,SL0301,Bumpe Ngao,SLE030105,Bumpe,SLE030105002
Southern,SL03,Bo,SL0301,Bumpe Ngao,SLE030105,Foya,SLE030105003
Southern,SL03,Bo,SL0301,Bumpe Ngao,SLE030105,Kpetema,SLE030105004
Southern,SL03,Bo,SL0301,Bumpe Ngao,SLE030105,Sahn,SLE030105005
Southern,SL03,Bo,SL0301,Bumpe Ngao,SLE030105,Serabu,SLE030105006
Southern,SL03,Bo,SL0301,Bumpe Ngao,SLE030105,Sewama,SLE030105007
Southern,SL03,Bo,SL0301,Bumpe Ngao,SLE030105,Taninahun,SLE030105008
Southern,SL03,Bo,SL0301,Gbo,SLE030106,Nyawa,SLE030106003
Southern,SL03,Bo,SL0301,Bumpe Ngao,SLE030105,Walihun,SLE030105009
Southern,SL03,Bo,SL0301,Bumpe Ngao,SLE030105,Yengema,SLE030105010
Southern,SL03,Bo,SL0301,Gbo,SLE030106,Gbo,SLE030106001
Southern,SL03,Bo,SL0301,Gbo,SLE030106,Maryu,SLE030106002
Southern,SL03,Bo,SL0301,Jaiama Bongor,SLE030107,Lower Kama,SLE030107002
Southern,SL03,Bo,SL0301,Jaiama Bongor,SLE030107,Lower Niawa,SLE030107003
Southern,SL03,Bo,SL0301,Jaiama Bongor,SLE030107,Nekpondo,SLE030107004
Southern,SL03,Bo,SL0301,Jaiama Bongor,SLE030107,Tongowa,SLE030107005
Southern,SL03,Bo,SL0301,Jaiama Bongor,SLE030107,Upper Baimba,SLE030107006
Southern,SL03,Bo,SL0301,Jaiama Bongor,SLE030107,Upper Niawa,SLE030107008
Southern,SL03,Bo,SL0301,Kakua,SLE030108,Korjeh,SLE030108001
Southern,SL03,Bo,SL0301,Kakua,SLE030108,Kpandobu,SLE030108002
Southern,SL03,Bo,SL0301,Komboya,SLE030109,Mangaru,SLE030109003
Southern,SL03,Bo,SL0301,Komboya,SLE030109,Sei,SLE030109004
Southern,SL03,Bo,SL0301,Kakua,SLE030108,Nguabu,SLE030108003
Southern,SL03,Bo,SL0301,Kakua,SLE030108,Nyallay,SLE030108004
Southern,SL03,Bo,SL0301,Kakua,SLE030108,Nyawa,SLE030108005
Southern,SL03,Bo,SL0301,Komboya,SLE030109,Keisua,SLE030109001
Northern,SL02,Tonkolili,SL0205,Kalansogoia,SLE020503,Kamakathie,SLE020503003
Southern,SL03,Bo,SL0301,Kakua,SLE030108,Samamie,SLE030108006
Southern,SL03,Bo,SL0301,Kakua,SLE030108,Sewa,SLE030108007
Southern,SL03,Bo,SL0301,Kakua,SLE030108,Sindeh,SLE030108008
Northern,SL02,Port Loko,SL0204,Marampa,SLE020408,Lunsar-Robis,SLE020408010
Southern,SL03,Bo,SL0301,Lugbu,SLE030110,Gao,SLE030110001
Southern,SL03,Bo,SL0301,Lugbu,SLE030110,Kamba,SLE030110002
Southern,SL03,Bo,SL0301,Lugbu,SLE030110,Kargbevu,SLE030110003
Southern,SL03,Bo,SL0301,Lugbu,SLE030110,Kemoh,SLE030110004
Southern,SL03,Bo,SL0301,Tikonko,SLE030113,Bainyawa,SLE030113001
Southern,SL03,Bo,SL0301,Lugbu,SLE030110,Magbao,SLE030110005
Southern,SL03,Bo,SL0301,Lugbu,SLE030110,Yorma,SLE030110006
Northern,SL02,Tonkolili,SL0205,Kalansogoia,SLE020503,Kamakilla,SLE020503004
Southern,SL03,Bo,SL0301,Niawa Lenga,SLE030111,Baimba,SLE030111001
Southern,SL03,Bo,SL0301,Tikonko,SLE030113,Mambawa,SLE030113002
Southern,SL03,Bo,SL0301,Niawa Lenga,SLE030111,Lower Niawa,SLE030111002
Southern,SL03,Bo,SL0301,Niawa Lenga,SLE030111,Upper Niawa,SLE030111003
Southern,SL03,Bo,SL0301,Niawa Lenga,SLE030111,Yalenga,SLE030111004
Southern,SL03,Bo,SL0301,Selenga,SLE030112,Kaduawo,SLE030112001
Southern,SL03,Bo,SL0301,Selenga,SLE030112,Mokpendeh,SLE030112002
Southern,SL03,Bo,SL0301,Tikonko,SLE030113,Morku,SLE030113003
Northern,SL02,Port Loko,SL0204,Maforki,SLE020407,Magbankitha,SLE020407013
Southern,SL03,Bo,SL0301,Tikonko,SLE030113,Ngolamajie,SLE030113004
Southern,SL03,Bo,SL0301,Tikonko,SLE030113,Njagbla I,SLE030113005
Southern,SL03,Bo,SL0301,Valunia,SLE030114,Yarlenga,SLE030114007
Southern,SL03,Bo,SL0301,Tikonko,SLE030113,Njagbla II,SLE030113006
Southern,SL03,Bo,SL0301,Valunia,SLE030114,Deilenga,SLE030114001
Southern,SL03,Bo,SL0301,Valunia,SLE030114,Kendebu,SLE030114002
Southern,SL03,Bo,SL0301,Wonde,SLE030115,Central Kargoi,SLE030115001
Southern,SL03,Bo,SL0301,Tikonko,SLE030113,Seiwa,SLE030113007
Southern,SL03,Bo,SL0301,Tikonko,SLE030113,Sendeh,SLE030113008
Northern,SL02,Port Loko,SL0204,Maforki,SLE020407,Magbengbeh,SLE020407014
Southern,SL03,Bo,SL0301,Valunia,SLE030114,Lunia,SLE030114003
Southern,SL03,Bo,SL0301,Valunia,SLE030114,Ngovo,SLE030114004
Southern,SL03,Bo,SL0301,Valunia,SLE030114,Seilenga,SLE030114005
Southern,SL03,Bo,SL0301,Wonde,SLE030115,Lower Kargoi,SLE030115002
Southern,SL03,Bo,SL0301,Wonde,SLE030115,Manyeh,SLE030115003
Southern,SL03,Bo,SL0301,Wonde,SLE030115,Upper Kargoi,SLE030115004
Southern,SL03,Bo,SL0301,Bo Town,SLE030191,East Ward-Batiema,SLE030191001
Southern,SL03,Bo,SL0301,Bo Town,SLE030191,East Ward-Bumpeh-W,SLE030191002
Southern,SL03,Bo,SL0301,Bo Town,SLE030191,East Ward-Gbondo T,SLE030191003
Southern,SL03,Bo,SL0301,Bo Town,SLE030191,East Ward-Kindia T,SLE030191004
Southern,SL03,Bo,SL0301,Bo Town,SLE030191,East Ward-Lower Sa,SLE030191005
Southern,SL03,Bo,SL0301,Bo Town,SLE030191,East Ward-Manjama,SLE030191006
Southern,SL03,Bo,SL0301,Bo Town,SLE030191,East Ward-Messima,SLE030191007
Southern,SL03,Bo,SL0301,Bo Town,SLE030191,East Ward-Moriba T,SLE030191009
Southern,SL03,Bo,SL0301,Bo Town,SLE030191,North Ward-Bo Numb,SLE030191011
Southern,SL03,Bo,SL0301,Bo Town,SLE030191,North Ward-Kissy Town,SLE030191012
Northern,SL02,Port Loko,SL0204,Dibia,SLE020403,Makump,SLE020403006
Southern,SL03,Bo,SL0301,Bo Town,SLE030191,West Ward-Kandeh T,SLE030191018
Southern,SL03,Bo,SL0301,Bo Town,SLE030191,North Ward-Njai To,SLE030191014
Northern,SL02,Tonkolili,SL0205,Kalansogoia,SLE020503,Kasokira,SLE020503005
Southern,SL03,Bo,SL0301,Bo Town,SLE030191,North Ward-Reservation,SLE030191015
Southern,SL03,Bo,SL0301,Bo Town,SLE030191,West Ward-Lewabu -,SLE030191019
Northern,SL02,Tonkolili,SL0205,Kunike Barina,SLE020506,Masaba,SLE020506004
Southern,SL03,Bo,SL0301,Bo Town,SLE030191,West Ward-Moriba T,SLE030191020
Southern,SL03,Bo,SL0301,Bo Town,SLE030191,West Ward-Nikibu -,SLE030191021
Southern,SL03,Bo,SL0301,Bo Town,SLE030191,West Ward-Njagboim,SLE030191022
Northern,SL02,Tonkolili,SL0205,Gbonkolenken,SLE020501,Lower Massakong,SLE020501001
Northern,SL02,Tonkolili,SL0205,Gbonkolenken,SLE020501,Petifu Mayawa A,SLE020501004
Northern,SL02,Tonkolili,SL0205,Gbonkolenken,SLE020501,Lower Polie,SLE020501002
Northern,SL02,Tonkolili,SL0205,Gbonkolenken,SLE020501,Petifu Mayawa B,SLE020501005
Northern,SL02,Tonkolili,SL0205,Kafe Simiria,SLE020502,Simiria,SLE020502007
Northern,SL02,Port Loko,SL0204,Dibia,SLE020403,Rogbalan,SLE020403007
Northern,SL02,Tonkolili,SL0205,Gbonkolenken,SLE020501,Mayeppoh,SLE020501003
Northern,SL02,Tonkolili,SL0205,Kalansogoia,SLE020503,Fuladugu,SLE020503001
Northern,SL02,Port Loko,SL0204,Maforki,SLE020407,Marunia,SLE020407021
Northern,SL02,Tonkolili,SL0205,Gbonkolenken,SLE020501,Petifu Mayeppoh,SLE020501006
Northern,SL02,Tonkolili,SL0205,Gbonkolenken,SLE020501,Upper Massakong,SLE020501007
Northern,SL02,Tonkolili,SL0205,Gbonkolenken,SLE020501,Upper Polie,SLE020501008
Northern,SL02,Tonkolili,SL0205,Gbonkolenken,SLE020501,Yiben,SLE020501010
Northern,SL02,Tonkolili,SL0205,Gbonkolenken,SLE020501,Yele Manowo,SLE020501009
Northern,SL02,Tonkolili,SL0205,Kafe Simiria,SLE020502,Mabonto,SLE020502003
Northern,SL02,Tonkolili,SL0205,Kalansogoia,SLE020503,Kakallain,SLE020503002
Northern,SL02,Tonkolili,SL0205,Kafe Simiria,SLE020502,Kabaia,SLE020502001
Northern,SL02,Tonkolili,SL0205,Kafe Simiria,SLE020502,Kamarugu,SLE020502002
Northern,SL02,Tonkolili,SL0205,Kafe Simiria,SLE020502,Makelfa,SLE020502004
Northern,SL02,Tonkolili,SL0205,Kafe Simiria,SLE020502,Makontande,SLE020502005
Northern,SL02,Tonkolili,SL0205,Kafe Simiria,SLE020502,Mayaso,SLE020502006
Northern,SL02,Tonkolili,SL0205,Kalansogoia,SLE020503,Lower Section,SLE020503006
Northern,SL02,Tonkolili,SL0205,Kalansogoia,SLE020503,Upper Section,SLE020503007
Northern,SL02,Tonkolili,SL0205,Malal Mara,SLE020508,Mabilafu,SLE020508002
Northern,SL02,Tonkolili,SL0205,Kholifa Mabang,SLE020504,Kumrabai,SLE020504001
Northern,SL02,Tonkolili,SL0205,Kholifa Rowala,SLE020505,Bo Road,SLE020505001
Northern,SL02,Tonkolili,SL0205,Kholifa Mabang,SLE020504,Mabang,SLE020504002
Northern,SL02,Tonkolili,SL0205,Kholifa Mabang,SLE020504,Marunia Sakie,SLE020504004
Northern,SL02,Tonkolili,SL0205,Kholifa Rowala,SLE020505,Lal-Lenken,SLE020505002
Northern,SL02,Tonkolili,SL0205,Kholifa Rowala,SLE020505,Makump,SLE020505003
Northern,SL02,Tonkolili,SL0205,Kholifa Rowala,SLE020505,Mamuntha,SLE020505004
Northern,SL02,Tonkolili,SL0205,Kholifa Rowala,SLE020505,Mayatha,SLE020505005
Northern,SL02,Port Loko,SL0204,Maforki,SLE020407,Massebay,SLE020407022
Northern,SL02,Tonkolili,SL0205,Kholifa Rowala,SLE020505,Mayossoh,SLE020505006
Northern,SL02,Tonkolili,SL0205,Kholifa Rowala,SLE020505,Old Magburaka,SLE020505007
Northern,SL02,Tonkolili,SL0205,Kunike Barina,SLE020506,Mamurie,SLE020506003
Northern,SL02,Tonkolili,SL0205,Kunike Barina,SLE020506,Makali,SLE020506001
Northern,SL02,Tonkolili,SL0205,Kunike Barina,SLE020506,Makong,SLE020506002
Northern,SL02,Tonkolili,SL0205,Kunike,SLE020507,Masingbi,SLE020507001
Northern,SL02,Tonkolili,SL0205,Kunike Barina,SLE020506,Mathonkara,SLE020506005
Northern,SL02,Tonkolili,SL0205,Kunike Barina,SLE020506,Wonkibor,SLE020506006
Northern,SL02,Port Loko,SL0204,Marampa,SLE020408,Lunsar-Madigbo,SLE020408005
Northern,SL02,Tonkolili,SL0205,Malal Mara,SLE020508,Makoba,SLE020508003
Northern,SL02,Tonkolili,SL0205,Kunike,SLE020507,Rolal,SLE020507002
Northern,SL02,Tonkolili,SL0205,Kunike,SLE020507,Sanda,SLE020507003
Northern,SL02,Port Loko,SL0204,Marampa,SLE020408,Lunsar-Mamanso,SLE020408006
Northern,SL02,Tonkolili,SL0205,Kunike,SLE020507,Semorkanie,SLE020507004
Northern,SL02,Tonkolili,SL0205,Kunike,SLE020507,Thamah,SLE020507005
Northern,SL02,Tonkolili,SL0205,Kunike,SLE020507,Thambaya,SLE020507006
Northern,SL02,Tonkolili,SL0205,Kunike,SLE020507,Wana,SLE020507007
Northern,SL02,Port Loko,SL0204,Marampa,SLE020408,Lunsar-Mines,SLE020408007
Northern,SL02,Tonkolili,SL0205,Kunike,SLE020507,Yenkeh,SLE020507008
Northern,SL02,Tonkolili,SL0205,Malal Mara,SLE020508,Kiamp Kakolo,SLE020508001
Northern,SL02,Port Loko,SL0204,Marampa,SLE020408,Lunsar-Old Town,SLE020408008
Northern,SL02,Tonkolili,SL0205,Malal Mara,SLE020508,Malal,SLE020508004
Northern,SL02,Koinadugu,SL0203,Dembelia - Sink,SLE020301,Numula 5,SLE020301010
Northern,SL02,Tonkolili,SL0205,Malal Mara,SLE020508,Manewa,SLE020508005
Northern,SL02,Tonkolili,SL0205,Malal Mara,SLE020508,Mara,SLE020508006
Northern,SL02,Tonkolili,SL0205,Malal Mara,SLE020508,Matanka,SLE020508007
Northern,SL02,Tonkolili,SL0205,Sambaya,SLE020509,Sambaya,SLE020509004
Northern,SL02,Tonkolili,SL0205,Malal Mara,SLE020508,Rochen,SLE020508008
Northern,SL02,Tonkolili,SL0205,Sambaya,SLE020509,Borowah,SLE020509001
Northern,SL02,Tonkolili,SL0205,Tane,SLE020510,Maboboh Koray,SLE020510001
Northern,SL02,Tonkolili,SL0205,Tane,SLE020510,Mapakie,SLE020510004
Northern,SL02,Tonkolili,SL0205,Sambaya,SLE020509,Buyan,SLE020509002
Northern,SL02,Tonkolili,SL0205,Sambaya,SLE020509,Dayie,SLE020509003
Northern,SL02,Tonkolili,SL0205,Tane,SLE020510,Makrugbeh,SLE020510002
Northern,SL02,Tonkolili,SL0205,Tane,SLE020510,Mange-bana,SLE020510003
Northern,SL02,Port Loko,SL0204,Buya Romende,SLE020402,Mabureh Mende,SLE020402005
Northern,SL02,Tonkolili,SL0205,Tane,SLE020510,Mathunkara,SLE020510005
Northern,SL02,Port Loko,SL0204,Bureh Kasseh Makonteh,SLE020401,Mange Morie,SLE020401010
Northern,SL02,Tonkolili,SL0205,Yoni,SLE020511,Malanchor,SLE020511005
Northern,SL02,Tonkolili,SL0205,Tane,SLE020510,Matotoka,SLE020510006
Northern,SL02,Tonkolili,SL0205,Yoni,SLE020511,Makeni Rokefula,SLE020511004
Northern,SL02,Tonkolili,SL0205,Yoni,SLE020511,Foindu,SLE020511001
Northern,SL02,Tonkolili,SL0205,Yoni,SLE020511,Gaindema,SLE020511002
Northern,SL02,Tonkolili,SL0205,Yoni,SLE020511,Macrogba,SLE020511003
Northern,SL02,Port Loko,SL0204,Buya Romende,SLE020402,Magbengbe,SLE020402006
Northern,SL02,Tonkolili,SL0205,Yoni,SLE020511,Malompor,SLE020511006
Northern,SL02,Tonkolili,SL0205,Yoni,SLE020511,Petifu-Lower,SLE020511011
Northern,SL02,Port Loko,SL0204,Dibia,SLE020403,Karine,SLE020403001
Northern,SL02,Port Loko,SL0204,Bureh Kasseh Makonteh,SLE020401,Marenka,SLE020401011
Northern,SL02,Port Loko,SL0204,Bureh Kasseh Makonteh,SLE020401,Minthormore,SLE020401012
Northern,SL02,Tonkolili,SL0205,Yoni,SLE020511,Mamaka,SLE020511007
Northern,SL02,Tonkolili,SL0205,Yoni,SLE020511,Masengbe,SLE020511008
Northern,SL02,Port Loko,SL0204,Bureh Kasseh Makonteh,SLE020401,Kalangba,SLE020401004
Northern,SL02,Tonkolili,SL0205,Yoni,SLE020511,Mayira,SLE020511009
Northern,SL02,Tonkolili,SL0205,Yoni,SLE020511,Petifu Upper,SLE020511010
Northern,SL02,Tonkolili,SL0205,Yoni,SLE020511,Ronietta,SLE020511012
Northern,SL02,Port Loko,SL0204,Bureh Kasseh Makonteh,SLE020401,Kambia Morie,SLE020401005
Northern,SL02,Port Loko,SL0204,Bureh Kasseh Makonteh,SLE020401,Konta Ferry,SLE020401006
Northern,SL02,Port Loko,SL0204,Bureh Kasseh Makonteh,SLE020401,Mabombo,SLE020401007
Northern,SL02,Port Loko,SL0204,Bureh Kasseh Makonteh,SLE020401,Makana,SLE020401008
Northern,SL02,Tonkolili,SL0205,Yoni,SLE020511,Yoni,SLE020511013
Northern,SL02,Port Loko,SL0204,Bureh Kasseh Makonteh,SLE020401,Barmoi,SLE020401001
Northern,SL02,Port Loko,SL0204,Bureh Kasseh Makonteh,SLE020401,Kagbanthama,SLE020401002
Northern,SL02,Port Loko,SL0204,Bureh Kasseh Makonteh,SLE020401,Kaiyeabor,SLE020401003
Northern,SL02,Port Loko,SL0204,Bureh Kasseh Makonteh,SLE020401,Romeni,SLE020401014
Northern,SL02,Port Loko,SL0204,Bureh Kasseh Makonteh,SLE020401,Rotifunk,SLE020401015
Northern,SL02,Port Loko,SL0204,Bureh Kasseh Makonteh,SLE020401,Yali-Sanda,SLE020401016
Northern,SL02,Port Loko,SL0204,Dibia,SLE020403,Kayembor,SLE020403002
Northern,SL02,Port Loko,SL0204,Buya Romende,SLE020402,Foredugu,SLE020402001
Northern,SL02,Kambia,SL0202,Bramaia,SLE020201,Filligungee,SLE020201005
Northern,SL02,Port Loko,SL0204,Buya Romende,SLE020402,Gbaran Kamba,SLE020402002
Northern,SL02,Port Loko,SL0204,Buya Romende,SLE020402,Kamasundu,SLE020402003
Northern,SL02,Port Loko,SL0204,Buya Romende,SLE020402,Mabureh Buya,SLE020402004
Northern,SL02,Port Loko,SL0204,Dibia,SLE020403,Konta Kargbo,SLE020403003
Northern,SL02,Port Loko,SL0204,Buya Romende,SLE020402,Manungbu,SLE020402007
Northern,SL02,Port Loko,SL0204,Buya Romende,SLE020402,Robis,SLE020402009
Northern,SL02,Port Loko,SL0204,Buya Romende,SLE020402,Rokel,SLE020402010
Northern,SL02,Port Loko,SL0204,Buya Romende,SLE020402,Rosint,SLE020402011
Northern,SL02,Port Loko,SL0204,Buya Romende,SLE020402,Worreh Mapoteh,SLE020402012
Northern,SL02,Port Loko,SL0204,Dibia,SLE020403,Mafonda,SLE020403004
Northern,SL02,Port Loko,SL0204,Dibia,SLE020403,Makabari,SLE020403005
Northern,SL02,Port Loko,SL0204,Kaffu Bullom,SLE020404,Foronkoya,SLE020404001
Northern,SL02,Port Loko,SL0204,Kaffu Bullom,SLE020404,Kasongha,SLE020404002
Northern,SL02,Port Loko,SL0204,Kaffu Bullom,SLE020404,Lungi,SLE020404003
Northern,SL02,Port Loko,SL0204,Kaffu Bullom,SLE020404,Mahera,SLE020404004
Northern,SL02,Port Loko,SL0204,Kaffu Bullom,SLE020404,Yongro,SLE020404008
Northern,SL02,Port Loko,SL0204,Kaffu Bullom,SLE020404,Mamanki,SLE020404005
Northern,SL02,Port Loko,SL0204,Kaffu Bullom,SLE020404,Mayaya,SLE020404006
Northern,SL02,Port Loko,SL0204,Kaffu Bullom,SLE020404,Rosint,SLE020404007
Northern,SL02,Port Loko,SL0204,Koya,SLE020412,Fondu,SLE020412002
Northern,SL02,Port Loko,SL0204,Koya,SLE020412,Magbandoma,SLE020412008
Northern,SL02,Port Loko,SL0204,Koya,SLE020412,Benkia,SLE020412001
Northern,SL02,Port Loko,SL0204,Koya,SLE020412,Gbabai,SLE020412005
Northern,SL02,Port Loko,SL0204,Koya,SLE020412,Foredugu,SLE020412003
Northern,SL02,Port Loko,SL0204,Koya,SLE020412,Futa,SLE020412004
Northern,SL02,Port Loko,SL0204,Koya,SLE020412,Kagbala A,SLE020412006
Northern,SL02,Port Loko,SL0204,Koya,SLE020412,Kagbala B,SLE020412007
Northern,SL02,Port Loko,SL0204,Koya,SLE020412,Magbeni,SLE020412009
Northern,SL02,Port Loko,SL0204,Koya,SLE020412,Marefa,SLE020412011
Northern,SL02,Port Loko,SL0204,Koya,SLE020412,Matene,SLE020412012
Northern,SL02,Port Loko,SL0204,Koya,SLE020412,Rosarr,SLE020412018
Northern,SL02,Port Loko,SL0204,Koya,SLE020412,Mawoma,SLE020412014
Northern,SL02,Port Loko,SL0204,Koya,SLE020412,Robia,SLE020412015
Northern,SL02,Port Loko,SL0204,Koya,SLE020412,Rokel,SLE020412016
Northern,SL02,Port Loko,SL0204,Koya,SLE020412,Sanda,SLE020412019
Northern,SL02,Port Loko,SL0204,Koya,SLE020412,Tumba,SLE020412020
Northern,SL02,Port Loko,SL0204,Lokomasama,SLE020406,Benkia,SLE020406001
Northern,SL02,Port Loko,SL0204,Lokomasama,SLE020406,Gbainty,SLE020406002
Northern,SL02,Port Loko,SL0204,Lokomasama,SLE020406,Kamasondo,SLE020406003
Northern,SL02,Port Loko,SL0204,Lokomasama,SLE020406,Kantaya,SLE020406004
Northern,SL02,Port Loko,SL0204,Lokomasama,SLE020406,Katonga,SLE020406005
Northern,SL02,Port Loko,SL0204,Lokomasama,SLE020406,Komrabai,SLE020406006
Northern,SL02,Port Loko,SL0204,Lokomasama,SLE020406,Konta,SLE020406007
Northern,SL02,Port Loko,SL0204,Lokomasama,SLE020406,Magbokorr,SLE020406008
Northern,SL02,Port Loko,SL0204,Lokomasama,SLE020406,Mannah,SLE020406009
Northern,SL02,Port Loko,SL0204,Lokomasama,SLE020406,Mapiterr,SLE020406010
Northern,SL02,Port Loko,SL0204,Lokomasama,SLE020406,Matheng,SLE020406011
Northern,SL02,Port Loko,SL0204,Lokomasama,SLE020406,Petifu,SLE020406012
Northern,SL02,Port Loko,SL0204,Lokomasama,SLE020406,Royema,SLE020406013
Northern,SL02,Port Loko,SL0204,Maforki,SLE020407,Batpolon,SLE020407001
Northern,SL02,Port Loko,SL0204,Maforki,SLE020407,Falaba,SLE020407002
Northern,SL02,Port Loko,SL0204,Maforki,SLE020407,Fenka,SLE020407003
Northern,SL02,Port Loko,SL0204,Maforki,SLE020407,Gberray Bana,SLE020407004
Northern,SL02,Port Loko,SL0204,Maforki,SLE020407,Gberray Morie,SLE020407005
Northern,SL02,Port Loko,SL0204,Maforki,SLE020407,Gberray Thunkara,SLE020407006
Northern,SL02,Port Loko,SL0204,Maforki,SLE020407,Gbonko Mayira,SLE020407007
Northern,SL02,Port Loko,SL0204,Maforki,SLE020407,Kabata,SLE020407008
Northern,SL02,Port Loko,SL0204,Maforki,SLE020407,Komrabai-Waterloo,SLE020407009
Northern,SL02,Port Loko,SL0204,Maforki,SLE020407,Kondato,SLE020407010
Northern,SL02,Port Loko,SL0204,Maforki,SLE020407,Maboni,SLE020407011
Northern,SL02,Port Loko,SL0204,Maforki,SLE020407,Maforay,SLE020407012
Northern,SL02,Port Loko,SL0204,Maforki,SLE020407,Magbeni,SLE020407015
Northern,SL02,Port Loko,SL0204,Maforki,SLE020407,Makorobolai,SLE020407016
Northern,SL02,Port Loko,SL0204,Maforki,SLE020407,Malal,SLE020407017
Northern,SL02,Port Loko,SL0204,Maforki,SLE020407,Mamanso,SLE020407018
Northern,SL02,Port Loko,SL0204,Maforki,SLE020407,Mapolie,SLE020407019
Northern,SL02,Port Loko,SL0204,Maforki,SLE020407,Maronko,SLE020407020
Northern,SL02,Port Loko,SL0204,Maforki,SLE020407,Mathera,SLE020407023
Northern,SL02,Port Loko,SL0204,Maforki,SLE020407,Moria,SLE020407024
Northern,SL02,Port Loko,SL0204,Maforki,SLE020407,Old Port Loko,SLE020407025
Northern,SL02,Port Loko,SL0204,Marampa,SLE020408,Lunsar-Technical,SLE020408011
Northern,SL02,Port Loko,SL0204,Maforki,SLE020407,Romaka,SLE020407026
Northern,SL02,Port Loko,SL0204,Maforki,SLE020407,Rosarr,SLE020407027
Northern,SL02,Port Loko,SL0204,Maforki,SLE020407,Sanda,SLE020407028
Northern,SL02,Port Loko,SL0204,Marampa,SLE020408,Lunsar-Path Bana,SLE020408009
Northern,SL02,Port Loko,SL0204,Maforki,SLE020407,Sendugu,SLE020407029
Northern,SL02,Port Loko,SL0204,Maforki,SLE020407,Tauya,SLE020407030
Northern,SL02,Port Loko,SL0204,Marampa,SLE020408,Lunsar-Baipolon,SLE020408001
Northern,SL02,Port Loko,SL0204,Marampa,SLE020408,Lunsar-Four Road -,SLE020408002
Northern,SL02,Port Loko,SL0204,Marampa,SLE020408,Lunsar-Kenneday,SLE020408003
Northern,SL02,Port Loko,SL0204,Marampa,SLE020408,Lunsar-Mabai,SLE020408004
Northern,SL02,Port Loko,SL0204,Marampa,SLE020408,Magbele,SLE020408012
Northern,SL02,Port Loko,SL0204,Marampa,SLE020408,Mange,SLE020408013
Northern,SL02,Port Loko,SL0204,Marampa,SLE020408,Marampa,SLE020408014
Northern,SL02,Port Loko,SL0204,Masimera,SLE020409,Biki,SLE020409001
Northern,SL02,Port Loko,SL0204,Marampa,SLE020408,Mawullay,SLE020408015
Northern,SL02,Port Loko,SL0204,Marampa,SLE020408,Petifu Madina,SLE020408016
Northern,SL02,Port Loko,SL0204,Marampa,SLE020408,Rogballan,SLE020408017
Northern,SL02,Port Loko,SL0204,Marampa,SLE020408,Rolankonoh,SLE020408018
Northern,SL02,Port Loko,SL0204,Masimera,SLE020409,Masimera,SLE020409006
Northern,SL02,Port Loko,SL0204,Masimera,SLE020409,Biss-Manika,SLE020409002
Northern,SL02,Port Loko,SL0204,Masimera,SLE020409,Katick,SLE020409003
Northern,SL02,Port Loko,SL0204,Masimera,SLE020409,Maconteh,SLE020409004
Northern,SL02,Port Loko,SL0204,Masimera,SLE020409,Mamalikie,SLE020409005
Northern,SL02,Port Loko,SL0204,Masimera,SLE020409,Matuku,SLE020409007
Northern,SL02,Port Loko,SL0204,Masimera,SLE020409,Mayola-Thatha,SLE020409008
Northern,SL02,Port Loko,SL0204,Masimera,SLE020409,Nonkoba,SLE020409009
Northern,SL02,Port Loko,SL0204,Masimera,SLE020409,Rokel,SLE020409010
Northern,SL02,Port Loko,SL0204,Sanda Magbolontor,SLE020410,Masien,SLE020410010
Northern,SL02,Port Loko,SL0204,Masimera,SLE020409,Rokon/Komboya,SLE020409011
Northern,SL02,Port Loko,SL0204,Masimera,SLE020409,Yoni-Pet,SLE020409012
Northern,SL02,Port Loko,SL0204,Sanda Magbolontor,SLE020410,Bankro,SLE020410001
Northern,SL02,Port Loko,SL0204,Sanda Magbolontor,SLE020410,Gbaneh-Loko,SLE020410002
Eastern,SL01,Kono,SL0103,Fiama,SLE010301,Kokar,SLE010301003
Northern,SL02,Port Loko,SL0204,Sanda Magbolontor,SLE020410,Gbogbodo,SLE020410003
Northern,SL02,Port Loko,SL0204,Sanda Magbolontor,SLE020410,Gbonko,SLE020410004
Northern,SL02,Port Loko,SL0204,Sanda Magbolontor,SLE020410,Kantia,SLE020410005
Northern,SL02,Port Loko,SL0204,Sanda Magbolontor,SLE020410,Layamantmetank,SLE020410006
Northern,SL02,Port Loko,SL0204,Sanda Magbolontor,SLE020410,Magbolontor,SLE020410007
Northern,SL02,Port Loko,SL0204,Sanda Magbolontor,SLE020410,Malkiya,SLE020410008
Northern,SL02,Port Loko,SL0204,Sanda Magbolontor,SLE020410,Mankneh,SLE020410009
Northern,SL02,Port Loko,SL0204,Sanda Magbolontor,SLE020410,Menthen,SLE020410011
Northern,SL02,Port Loko,SL0204,Sanda Magbolontor,SLE020410,Robis,SLE020410012
Northern,SL02,Port Loko,SL0204,Sanda Magbolontor,SLE020410,Rotigbonko,SLE020410013
Northern,SL02,Port Loko,SL0204,Sanda Magbolontor,SLE020410,Sendugu,SLE020410014
Northern,SL02,Port Loko,SL0204,TMS,SLE020411,Gbaray Bana,SLE020411001
Northern,SL02,Port Loko,SL0204,TMS,SLE020411,Kambia,SLE020411002
Northern,SL02,Port Loko,SL0204,TMS,SLE020411,Kanu,SLE020411003
Northern,SL02,Port Loko,SL0204,TMS,SLE020411,Kargbo,SLE020411004
Northern,SL02,Port Loko,SL0204,TMS,SLE020411,Konkorie,SLE020411005
Northern,SL02,Port Loko,SL0204,TMS,SLE020411,Mafonikay,SLE020411006
Northern,SL02,Port Loko,SL0204,TMS,SLE020411,Magbafth,SLE020411007
Northern,SL02,Port Loko,SL0204,TMS,SLE020411,Magbapsa,SLE020411008
Eastern,SL01,Kono,SL0103,Lei,SLE010307,Sangbada,SLE010307006
Northern,SL02,Port Loko,SL0204,TMS,SLE020411,Malakuray,SLE020411009
Northern,SL02,Port Loko,SL0204,TMS,SLE020411,Maron,SLE020411010
Northern,SL02,Port Loko,SL0204,TMS,SLE020411,Robombeh,SLE020411011
Northern,SL02,Port Loko,SL0204,Tasso Island,SLE020405,Tasso Island,SLE020405025
Eastern,SL01,Kono,SL0103,Fiama,SLE010301,Dumbia,SLE010301001
Eastern,SL01,Kono,SL0103,Fiama,SLE010301,Fiama,SLE010301002
Eastern,SL01,Kono,SL0103,Soa,SLE010312,Tensendakor,SLE010312008
Eastern,SL01,Kono,SL0103,Fiama,SLE010301,Kooma,SLE010301004
Eastern,SL01,Kono,SL0103,Fiama,SLE010301,Yorkor,SLE010301005
Eastern,SL01,Kono,SL0103,Gbane,SLE010302,Gbikidakor,SLE010302002
Eastern,SL01,Kono,SL0103,Gbane,SLE010302,Kamara,SLE010302003
Eastern,SL01,Kono,SL0103,Gbane,SLE010302,Maikandor,SLE010302004
Eastern,SL01,Kono,SL0103,Gbane Kandor,SLE010303,Gbane Kandor,SLE010303001
Eastern,SL01,Kono,SL0103,Gbane Kandor,SLE010303,Gbane Kour,SLE010303002
Eastern,SL01,Kono,SL0103,Gbane Kandor,SLE010303,Gbane Tetema,SLE010303003
Eastern,SL01,Kono,SL0103,Gbane Kandor,SLE010303,Gbendekor,SLE010303004
Eastern,SL01,Kono,SL0103,Gbane Kandor,SLE010303,Yanbidu,SLE010303005
Northern,SL02,Kambia,SL0202,Bramaia,SLE020201,Bassia,SLE020201002
Eastern,SL01,Kono,SL0103,Gbense,SLE010304,Banfinfeh,SLE010304001
Eastern,SL01,Kono,SL0103,Gbense,SLE010304,Banyafeh,SLE010304002
Eastern,SL01,Kono,SL0103,Gbense,SLE010304,Banyakor,SLE010304003
Eastern,SL01,Kono,SL0103,Gbense,SLE010304,Moindefeh,SLE010304004
Eastern,SL01,Kono,SL0103,Gbense,SLE010304,Moindekor,SLE010304005
Eastern,SL01,Kono,SL0103,Kamara,SLE010306,Dangbaidu,SLE010306001
Eastern,SL01,Kono,SL0103,Kamara,SLE010306,Gbondu,SLE010306002
Eastern,SL01,Kono,SL0103,Kamara,SLE010306,Kongofinja,SLE010306003
Eastern,SL01,Kono,SL0103,Kamara,SLE010306,Sukudu,SLE010306004
Eastern,SL01,Kono,SL0103,Lei,SLE010307,Dia,SLE010307001
Eastern,SL01,Kono,SL0103,Lei,SLE010307,Kamara,SLE010307002
Eastern,SL01,Kono,SL0103,Lei,SLE010307,Kensay,SLE010307003
Eastern,SL01,Kono,SL0103,Lei,SLE010307,Lei,SLE010307005
Eastern,SL01,Kono,SL0103,Lei,SLE010307,Tankoro,SLE010307007
Eastern,SL01,Kono,SL0103,Lei,SLE010307,Tingi-Kor,SLE010307008
Eastern,SL01,Kono,SL0103,Lei,SLE010307,Yawai,SLE010307009
Eastern,SL01,Kono,SL0103,Mafindor,SLE010308,Kamiendor,SLE010308001
Eastern,SL01,Kono,SL0103,Mafindor,SLE010308,Kutey,SLE010308002
Eastern,SL01,Kono,SL0103,Mafindor,SLE010308,Mafindor,SLE010308003
Eastern,SL01,Kono,SL0103,Nimikoro,SLE010309,Bafinfeh,SLE010309001
Eastern,SL01,Kono,SL0103,Nimikoro,SLE010309,Bandafafeh,SLE010309002
Eastern,SL01,Kono,SL0103,Tankoro,SLE010313,Njama,SLE010313001
Eastern,SL01,Kono,SL0103,Nimikoro,SLE010309,Gbogboafeh,SLE010309003
Eastern,SL01,Kono,SL0103,Nimikoro,SLE010309,Jaiama,SLE010309004
Eastern,SL01,Kono,SL0103,Nimikoro,SLE010309,Masayiefeh,SLE010309005
Eastern,SL01,Kono,SL0103,Koidu Town,SLE010391,Gbense-Sina Town,SLE010391001
Eastern,SL01,Kono,SL0103,Nimiyama,SLE010310,Bafinfeh,SLE010310001
Eastern,SL01,Kono,SL0103,Sandor,SLE010311,Bafinfeh,SLE010311001
Eastern,SL01,Kono,SL0103,Koidu Town,SLE010391,Gbense-Moindekor,SLE010391002
Eastern,SL01,Kono,SL0103,Sandor,SLE010311,Dangbaidu,SLE010311002
Eastern,SL01,Kono,SL0103,Sandor,SLE010311,Njeikor,SLE010311005
Eastern,SL01,Kono,SL0103,Soa,SLE010312,Foidu Mongor,SLE010312001
Eastern,SL01,Kono,SL0103,Koidu Town,SLE010391,Gbense-Moindefeh,SLE010391003
Eastern,SL01,Kono,SL0103,Soa,SLE010312,Kokongokuma,SLE010312002
Eastern,SL01,Kono,SL0103,Soa,SLE010312,Maindu,SLE010312003
Eastern,SL01,Kono,SL0103,Soa,SLE010312,Mofinkor,SLE010312004
Eastern,SL01,Kono,SL0103,Soa,SLE010312,Sawa Buma,SLE010312005
Eastern,SL01,Kono,SL0103,Soa,SLE010312,Tensekor,SLE010312007
Eastern,SL01,Kono,SL0103,Tankoro,SLE010313,Tankoro,SLE010313002
Eastern,SL01,Kono,SL0103,Tankoro,SLE010313,Woafeh,SLE010313003
Eastern,SL01,Kono,SL0103,Toli,SLE010314,Bawadu,SLE010314001
Eastern,SL01,Kono,SL0103,Koidu Town,SLE010391,Tankoro-Kinsey,SLE010391004
Eastern,SL01,Kono,SL0103,Koidu Town,SLE010391,Tankoro-New Sembeh,SLE010391005
Eastern,SL01,Kono,SL0103,Koidu Town,SLE010391,Tankoro-Lebanon,SLE010391006
Eastern,SL01,Kono,SL0103,Koidu Town,SLE010391,Tankoro-Kwaquima,SLE010391007
Northern,SL02,Koinadugu,SL0203,Dembelia - Sink,SLE020301,Kunbulun 1,SLE020301001
Northern,SL02,Koinadugu,SL0203,Dembelia - Sink,SLE020301,Kunbulun 2,SLE020301002
Northern,SL02,Koinadugu,SL0203,Dembelia - Sink,SLE020301,Manan,SLE020301004
Northern,SL02,Koinadugu,SL0203,Dembelia - Sink,SLE020301,Mawundea,SLE020301005
Northern,SL02,Koinadugu,SL0203,Dembelia - Sink,SLE020301,Numula 1,SLE020301006
Northern,SL02,Koinadugu,SL0203,Dembelia - Sink,SLE020301,Numula 2,SLE020301007
Northern,SL02,Koinadugu,SL0203,Dembelia - Sink,SLE020301,Numula 3,SLE020301008
Northern,SL02,Koinadugu,SL0203,Dembelia - Sink,SLE020301,Numula 4,SLE020301009
Northern,SL02,Koinadugu,SL0203,Dembelia - Sink,SLE020301,Sinkunia,SLE020301011
Northern,SL02,Koinadugu,SL0203,Diang,SLE020302,Darakuru,SLE020302001
Northern,SL02,Koinadugu,SL0203,Diang,SLE020302,Gbenekoro,SLE020302002
Northern,SL02,Koinadugu,SL0203,Diang,SLE020302,Kania,SLE020302003
Northern,SL02,Koinadugu,SL0203,Diang,SLE020302,Kondembaia,SLE020302004
Northern,SL02,Koinadugu,SL0203,Diang,SLE020302,Lengekoro,SLE020302005
Northern,SL02,Koinadugu,SL0203,Diang,SLE020302,Sokurala,SLE020302006
Northern,SL02,Koinadugu,SL0203,Folosaba Dembel,SLE020303,Balandugu,SLE020303001
Northern,SL02,Koinadugu,SL0203,Folosaba Dembel,SLE020303,Dogoloya,SLE020303002
Northern,SL02,Koinadugu,SL0203,Folosaba Dembel,SLE020303,Fissaya I,SLE020303003
Northern,SL02,Koinadugu,SL0203,Folosaba Dembel,SLE020303,Fissaya II,SLE020303004
Northern,SL02,Koinadugu,SL0203,Sulima,SLE020309,Nomokoya,SLE020309012
Northern,SL02,Koinadugu,SL0203,Folosaba Dembel,SLE020303,Gbentu III,SLE020303005
Northern,SL02,Koinadugu,SL0203,Folosaba Dembel,SLE020303,Herekor,SLE020303006
Northern,SL02,Koinadugu,SL0203,Folosaba Dembel,SLE020303,Kalia,SLE020303007
Northern,SL02,Koinadugu,SL0203,Kasunko,SLE020304,Kakallain,SLE020304002
Northern,SL02,Koinadugu,SL0203,Folosaba Dembel,SLE020303,Kamba,SLE020303008
Northern,SL02,Koinadugu,SL0203,Folosaba Dembel,SLE020303,Lagor,SLE020303009
Northern,SL02,Koinadugu,SL0203,Kasunko,SLE020304,Gbonkobor,SLE020304001
Northern,SL02,Koinadugu,SL0203,Folosaba Dembel,SLE020303,Musaia,SLE020303010
Northern,SL02,Koinadugu,SL0203,Folosaba Dembel,SLE020303,Sankan I,SLE020303011
Northern,SL02,Koinadugu,SL0203,Folosaba Dembel,SLE020303,Sankan II,SLE020303012
Northern,SL02,Koinadugu,SL0203,Wara Wara Bafodia,SLE020310,Kaponpon,SLE020310008
Northern,SL02,Koinadugu,SL0203,Kasunko,SLE020304,Kasunko,SLE020304003
Northern,SL02,Koinadugu,SL0203,Kasunko,SLE020304,Kayaka,SLE020304004
Northern,SL02,Koinadugu,SL0203,Kasunko,SLE020304,Tamiso I,SLE020304005
Northern,SL02,Koinadugu,SL0203,Kasunko,SLE020304,Tamiso II,SLE020304006
Northern,SL02,Koinadugu,SL0203,Mongo,SLE020305,Benadugu,SLE020305001
Northern,SL02,Koinadugu,SL0203,Mongo,SLE020305,Deldugu,SLE020305002
Northern,SL02,Koinadugu,SL0203,Mongo,SLE020305,Mankalia,SLE020305003
Northern,SL02,Koinadugu,SL0203,Mongo,SLE020305,Mongo I,SLE020305004
Northern,SL02,Koinadugu,SL0203,Mongo,SLE020305,Mongo II,SLE020305005
Northern,SL02,Kambia,SL0202,Gbinle Dixing,SLE020202,Kalangba,SLE020202002
Northern,SL02,Koinadugu,SL0203,Mongo,SLE020305,Morifindugu,SLE020305006
Northern,SL02,Koinadugu,SL0203,Neya,SLE020306,Kulor,SLE020306001
Northern,SL02,Koinadugu,SL0203,Neya,SLE020306,Neya I,SLE020306002
Northern,SL02,Koinadugu,SL0203,Neya,SLE020306,Neya II,SLE020306003
Northern,SL02,Koinadugu,SL0203,Sengbe,SLE020308,Heremakono,SLE020308002
Northern,SL02,Koinadugu,SL0203,Neya,SLE020306,Nyedu,SLE020306004
Northern,SL02,Koinadugu,SL0203,Nieni,SLE020307,Barawa,SLE020307001
Northern,SL02,Koinadugu,SL0203,Wara Wara Bafodia,SLE020310,Pampakoh,SLE020310009
Northern,SL02,Koinadugu,SL0203,Nieni,SLE020307,Kalian,SLE020307002
Northern,SL02,Koinadugu,SL0203,Sengbe,SLE020308,Bendugu,SLE020308001
Northern,SL02,Koinadugu,SL0203,Nieni,SLE020307,Wollay,SLE020307004
Northern,SL02,Koinadugu,SL0203,Nieni,SLE020307,Yiffin,SLE020307005
Northern,SL02,Koinadugu,SL0203,Wara Wara Bafodia,SLE020310,Semamaia,SLE020310010
Northern,SL02,Koinadugu,SL0203,Sengbe,SLE020308,Koinadugu,SLE020308003
Northern,SL02,Koinadugu,SL0203,Sengbe,SLE020308,Lower Kamadugu,SLE020308004
Northern,SL02,Koinadugu,SL0203,Sengbe,SLE020308,Bilimaia,SLE020308008
Northern,SL02,Koinadugu,SL0203,Sulima,SLE020309,Biribaia,SLE020309001
Northern,SL02,Koinadugu,SL0203,Sulima,SLE020309,Dara,SLE020309002
Northern,SL02,Koinadugu,SL0203,Sengbe,SLE020308,Upper Kamadugu,SLE020308005
Northern,SL02,Koinadugu,SL0203,Sengbe,SLE020308,Yiraia,SLE020308006
Northern,SL02,Koinadugu,SL0203,Sengbe,SLE020308,Yogomaia,SLE020308007
Northern,SL02,Koinadugu,SL0203,Sulima,SLE020309,Falaba,SLE020309003
Northern,SL02,Koinadugu,SL0203,Sulima,SLE020309,Fudea,SLE020309004
Northern,SL02,Koinadugu,SL0203,Sulima,SLE020309,Ganya,SLE020309005
Northern,SL02,Koinadugu,SL0203,Sulima,SLE020309,Gberia Fotombu,SLE020309006
Northern,SL02,Koinadugu,SL0203,Sulima,SLE020309,Gberia-Timbako,SLE020309007
Northern,SL02,Koinadugu,SL0203,Sulima,SLE020309,Kaliyereh,SLE020309008
Northern,SL02,Koinadugu,SL0203,Sulima,SLE020309,Kambaia,SLE020309009
Northern,SL02,Koinadugu,SL0203,Sulima,SLE020309,Koindu-Kura,SLE020309010
Northern,SL02,Koinadugu,SL0203,Sulima,SLE020309,Sonkoya,SLE020309013
Northern,SL02,Koinadugu,SL0203,Wara Wara Bafodia,SLE020310,Bafodia,SLE020310001
Northern,SL02,Koinadugu,SL0203,Wara Wara Bafodia,SLE020310,Kadanso,SLE020310002
Northern,SL02,Koinadugu,SL0203,Wara Wara Bafodia,SLE020310,Kakoya,SLE020310003
Northern,SL02,Kambia,SL0202,Mambolo,SLE020204,Mambolo,SLE020204002
Northern,SL02,Koinadugu,SL0203,Wara Wara Bafodia,SLE020310,Kamanikie,SLE020310004
Northern,SL02,Koinadugu,SL0203,Wara Wara Bafodia,SLE020310,Kamayortortor,SLE020310005
Northern,SL02,Koinadugu,SL0203,Wara Wara Bafodia,SLE020310,Kambalia,SLE020310006
Northern,SL02,Koinadugu,SL0203,Wara Wara Bafodia,SLE020310,Kambia,SLE020310007
Northern,SL02,Koinadugu,SL0203,Wara Wara Bafodia,SLE020310,Taelia,SLE020310011
Northern,SL02,Koinadugu,SL0203,Wara Wara Yagal,SLE020311,Zone 1,SLE020311001
Northern,SL02,Koinadugu,SL0203,Wara Wara Yagal,SLE020311,Zone 2,SLE020311002
Northern,SL02,Koinadugu,SL0203,Wara Wara Yagal,SLE020311,Zone 3,SLE020311003
Northern,SL02,Koinadugu,SL0203,Wara Wara Yagal,SLE020311,Zone 4,SLE020311004
Northern,SL02,Koinadugu,SL0203,Wara Wara Yagal,SLE020311,Zone 5,SLE020311005
Northern,SL02,Koinadugu,SL0203,Wara Wara Yagal,SLE020311,Zone 6,SLE020311006
Northern,SL02,Koinadugu,SL0203,Wara Wara Yagal,SLE020311,Zone 7,SLE020311007
Northern,SL02,Bombali,SL0201,Biriwa,SLE020101,Kabakeh/Balandugu,SLE020101003
Northern,SL02,Bombali,SL0201,Biriwa,SLE020101,Bumban,SLE020101001
Northern,SL02,Bombali,SL0201,Biriwa,SLE020101,Bumbandain,SLE020101002
Northern,SL02,Bombali,SL0201,Biriwa,SLE020101,Karassa,SLE020101006
Northern,SL02,Bombali,SL0201,Biriwa,SLE020101,Kagbankuna,SLE020101004
Northern,SL02,Bombali,SL0201,Biriwa,SLE020101,Kamabai,SLE020101005
Northern,SL02,Bombali,SL0201,Gbanti Kamaranka,SLE020103,Kamaranka,SLE020103003
Northern,SL02,Bombali,SL0201,Biriwa,SLE020101,Karina,SLE020101007
Northern,SL02,Bombali,SL0201,Biriwa,SLE020101,Kayonkoro,SLE020101008
Northern,SL02,Bombali,SL0201,Gbanti Kamaranka,SLE020103,Makumray A,SLE020103008
Northern,SL02,Bombali,SL0201,Bombali Sebora,SLE020102,Kafala,SLE020102001
Northern,SL02,Bombali,SL0201,Bombali Sebora,SLE020102,Kagbaran Dokom B,SLE020102002
Northern,SL02,Bombali,SL0201,Gbanti Kamaranka,SLE020103,Makumray B,SLE020103009
Northern,SL02,Bombali,SL0201,Bombali Sebora,SLE020102,Konta,SLE020102003
Northern,SL02,Bombali,SL0201,Bombali Sebora,SLE020102,Matotoka,SLE020102004
Northern,SL02,Bombali,SL0201,Gbanti Kamaranka,SLE020103,Gbenkfay,SLE020103001
Northern,SL02,Bombali,SL0201,Gbanti Kamaranka,SLE020103,Gbonkobana,SLE020103002
Northern,SL02,Bombali,SL0201,Gbanti Kamaranka,SLE020103,Kambia,SLE020103004
Northern,SL02,Bombali,SL0201,Gbanti Kamaranka,SLE020103,Kayourgbor,SLE020103005
Northern,SL02,Bombali,SL0201,Gbanti Kamaranka,SLE020103,Laminaya,SLE020103006
Northern,SL02,Bombali,SL0201,Gbanti Kamaranka,SLE020103,Makulon,SLE020103007
Northern,SL02,Bombali,SL0201,Gbanti Kamaranka,SLE020103,Rogberay,SLE020103010
Northern,SL02,Bombali,SL0201,Gbanti Kamaranka,SLE020103,Romaneh,SLE020103011
Northern,SL02,Bombali,SL0201,Gbanti Kamaranka,SLE020103,Royeama A,SLE020103012
Northern,SL02,Bombali,SL0201,Gbanti Kamaranka,SLE020103,Royeama B,SLE020103013
Northern,SL02,Bombali,SL0201,Gbanti Kamaranka,SLE020103,Sakuma A,SLE020103014
Northern,SL02,Bombali,SL0201,Gbanti Kamaranka,SLE020103,Sakuma B,SLE020103015
Northern,SL02,Bombali,SL0201,Gbanti Kamaranka,SLE020103,Sendugu A,SLE020103016
Northern,SL02,Bombali,SL0201,Gbanti Kamaranka,SLE020103,Sendugu B,SLE020103017
Northern,SL02,Bombali,SL0201,Gbendembu Ngowa,SLE020104,Garanganwa,SLE020104001
Northern,SL02,Bombali,SL0201,Gbendembu Ngowa,SLE020104,Makarihiteh,SLE020104009
Northern,SL02,Bombali,SL0201,Gbendembu Ngowa,SLE020104,Makump,SLE020104011
Northern,SL02,Bombali,SL0201,Gbendembu Ngowa,SLE020104,Gbendembu,SLE020104002
Northern,SL02,Bombali,SL0201,Gbendembu Ngowa,SLE020104,Kalangba,SLE020104003
Northern,SL02,Bombali,SL0201,Gbendembu Ngowa,SLE020104,Kania,SLE020104004
Northern,SL02,Bombali,SL0201,Gbendembu Ngowa,SLE020104,Makeregbohun,SLE020104010
Northern,SL02,Bombali,SL0201,Gbendembu Ngowa,SLE020104,Lobanga,SLE020104005
Northern,SL02,Bombali,SL0201,Gbendembu Ngowa,SLE020104,Lohindie,SLE020104006
Northern,SL02,Bombali,SL0201,Gbendembu Ngowa,SLE020104,Loko-Madina,SLE020104007
Northern,SL02,Bombali,SL0201,Gbendembu Ngowa,SLE020104,Makai,SLE020104008
Northern,SL02,Bombali,SL0201,Gbendembu Ngowa,SLE020104,Mamaka,SLE020104012
Northern,SL02,Bombali,SL0201,Gbendembu Ngowa,SLE020104,Mamukay,SLE020104013
Northern,SL02,Bombali,SL0201,Gbendembu Ngowa,SLE020104,Tanyehun,SLE020104019
Northern,SL02,Bombali,SL0201,Gbendembu Ngowa,SLE020104,Masongbo,SLE020104014
Northern,SL02,Bombali,SL0201,Gbendembu Ngowa,SLE020104,Matehun,SLE020104015
Northern,SL02,Bombali,SL0201,Gbendembu Ngowa,SLE020104,Mayorthan,SLE020104016
Northern,SL02,Bombali,SL0201,Gbendembu Ngowa,SLE020104,Sahun,SLE020104017
Northern,SL02,Bombali,SL0201,Gbendembu Ngowa,SLE020104,Tambiama,SLE020104018
Northern,SL02,Bombali,SL0201,Libeisaygahun,SLE020105,Batkanu,SLE020105001
Northern,SL02,Bombali,SL0201,Libeisaygahun,SLE020105,Mafonda,SLE020105002
Northern,SL02,Bombali,SL0201,Libeisaygahun,SLE020105,Magbaingba,SLE020105003
Northern,SL02,Bombali,SL0201,Libeisaygahun,SLE020105,Magbanamba,SLE020105004
Northern,SL02,Bombali,SL0201,Libeisaygahun,SLE020105,Makaiba,SLE020105005
Northern,SL02,Bombali,SL0201,Libeisaygahun,SLE020105,Makayrembay,SLE020105006
Northern,SL02,Bombali,SL0201,Libeisaygahun,SLE020105,Simbaya,SLE020105012
Northern,SL02,Bombali,SL0201,Libeisaygahun,SLE020105,Mandawahun,SLE020105007
Northern,SL02,Bombali,SL0201,Libeisaygahun,SLE020105,Manyakoi,SLE020105008
Northern,SL02,Bombali,SL0201,Libeisaygahun,SLE020105,Mayankay,SLE020105009
Northern,SL02,Bombali,SL0201,Libeisaygahun,SLE020105,Robaka,SLE020105010
Northern,SL02,Bombali,SL0201,Libeisaygahun,SLE020105,Rotha-Tha,SLE020105011
Northern,SL02,Bombali,SL0201,Magbaimba Ndorh,SLE020106,Hunduwa,SLE020106001
Northern,SL02,Bombali,SL0201,Magbaimba Ndorh,SLE020106,Kababala,SLE020106002
Northern,SL02,Bombali,SL0201,Magbaimba Ndorh,SLE020106,Kagberay,SLE020106003
Northern,SL02,Bombali,SL0201,Magbaimba Ndorh,SLE020106,Kawungulu,SLE020106004
Northern,SL02,Bombali,SL0201,Paki Masabong,SLE020108,Kathegeya,SLE020108002
Northern,SL02,Bombali,SL0201,Magbaimba Ndorh,SLE020106,Makendema,SLE020106005
Northern,SL02,Bombali,SL0201,Magbaimba Ndorh,SLE020106,Mambiama,SLE020106006
Northern,SL02,Bombali,SL0201,Magbaimba Ndorh,SLE020106,Manjahagha,SLE020106007
Northern,SL02,Bombali,SL0201,Magbaimba Ndorh,SLE020106,Sokudala,SLE020106008
Northern,SL02,Bombali,SL0201,Magbaimba Ndorh,SLE020106,Yana,SLE020106009
Northern,SL02,Bombali,SL0201,Makari Gbanti,SLE020107,Gborbana,SLE020107001
Northern,SL02,Bombali,SL0201,Makari Gbanti,SLE020107,Mabanta,SLE020107002
Northern,SL02,Bombali,SL0201,Makari Gbanti,SLE020107,Magbenteh,SLE020107003
Northern,SL02,Bombali,SL0201,Makari Gbanti,SLE020107,Mangay,SLE020107004
Northern,SL02,Bombali,SL0201,Makari Gbanti,SLE020107,Mankene,SLE020107005
Northern,SL02,Bombali,SL0201,Makari Gbanti,SLE020107,Masongbo A,SLE020107006
Northern,SL02,Bombali,SL0201,Makari Gbanti,SLE020107,Rosint,SLE020107009
Northern,SL02,Bombali,SL0201,Makari Gbanti,SLE020107,Masongbo B,SLE020107007
Northern,SL02,Bombali,SL0201,Makari Gbanti,SLE020107,Punthun,SLE020107008
Northern,SL02,Bombali,SL0201,Paki Masabong,SLE020108,Kathanthan,SLE020108001
Northern,SL02,Bombali,SL0201,Makari Gbanti,SLE020107,Tonkoba,SLE020107010
Northern,SL02,Bombali,SL0201,Makari Gbanti,SLE020107,Yainkassa,SLE020107011
Northern,SL02,Bombali,SL0201,Paki Masabong,SLE020108,Mapaki,SLE020108003
Northern,SL02,Bombali,SL0201,Paki Masabong,SLE020108,Masabong,SLE020108004
Northern,SL02,Bombali,SL0201,Paki Masabong,SLE020108,Mayagba,SLE020108005
Northern,SL02,Bombali,SL0201,Paki Masabong,SLE020108,Rosanda,SLE020108006
Northern,SL02,Bombali,SL0201,Sanda Loko,SLE020110,Maparay,SLE020110013
Northern,SL02,Bombali,SL0201,Safroko Limba,SLE020109,Binkolo,SLE020109001
Northern,SL02,Bombali,SL0201,Safroko Limba,SLE020109,Bombali Bana,SLE020109002
Northern,SL02,Bombali,SL0201,Safroko Limba,SLE020109,Kabonka,SLE020109003
Northern,SL02,Bombali,SL0201,Safroko Limba,SLE020109,Kasengbeh,SLE020109004
Northern,SL02,Bombali,SL0201,Safroko Limba,SLE020109,Kayassi,SLE020109005
Northern,SL02,Bombali,SL0201,Safroko Limba,SLE020109,Mabamba,SLE020109006
Northern,SL02,Bombali,SL0201,Safroko Limba,SLE020109,Masapi,SLE020109007
Northern,SL02,Bombali,SL0201,Sanda Loko,SLE020110,Banka,SLE020110001
Northern,SL02,Bombali,SL0201,Sanda Loko,SLE020110,Benia,SLE020110002
Northern,SL02,Bombali,SL0201,Sanda Loko,SLE020110,Kaindema,SLE020110003
Northern,SL02,Bombali,SL0201,Sanda Loko,SLE020110,Kamalu,SLE020110004
Northern,SL02,Bombali,SL0201,Sanda Loko,SLE020110,Kania,SLE020110005
Northern,SL02,Bombali,SL0201,Sanda Loko,SLE020110,Kindia,SLE020110006
Northern,SL02,Bombali,SL0201,Sanda Loko,SLE020110,Laminaya,SLE020110007
Northern,SL02,Bombali,SL0201,Sanda Loko,SLE020110,Rothatha,SLE020110014
Northern,SL02,Bombali,SL0201,Sanda Loko,SLE020110,Madina,SLE020110008
Northern,SL02,Bombali,SL0201,Sanda Loko,SLE020110,Maharibo,SLE020110009
Northern,SL02,Bombali,SL0201,Sanda Loko,SLE020110,Makapa,SLE020110010
Northern,SL02,Bombali,SL0201,Sanda Loko,SLE020110,Makwie Loko,SLE020110011
Northern,SL02,Bombali,SL0201,Sanda Loko,SLE020110,Manathi,SLE020110012
Northern,SL02,Bombali,SL0201,Sanda Tendaran,SLE020111,Kalangba,SLE020111001
Northern,SL02,Bombali,SL0201,Sanda Tendaran,SLE020111,Kukuna,SLE020111002
Northern,SL02,Bombali,SL0201,Sanda Tendaran,SLE020111,Marampa,SLE020111003
Northern,SL02,Bombali,SL0201,Sanda Tendaran,SLE020111,Masisan,SLE020111004
Northern,SL02,Bombali,SL0201,Sanda Tendaran,SLE020111,Mateboi,SLE020111005
Northern,SL02,Bombali,SL0201,Sanda Tendaran,SLE020111,Rogbin,SLE020111006
Northern,SL02,Bombali,SL0201,Sanda Tendaran,SLE020111,Rogboreh,SLE020111007
Northern,SL02,Bombali,SL0201,Sanda Tendaran,SLE020111,Rosos,SLE020111008
Northern,SL02,Bombali,SL0201,Sanda Tendaran,SLE020111,Sendugu,SLE020111009
Northern,SL02,Bombali,SL0201,Sanda Tendaran,SLE020111,Yankabala,SLE020111010
Northern,SL02,Kambia,SL0202,Bramaia,SLE020201,Bugami,SLE020201003
Northern,SL02,Bombali,SL0201,Sella Limba,SLE020112,Kamakwie,SLE020112001
Northern,SL02,Bombali,SL0201,Sella Limba,SLE020112,Kamankoh,SLE020112002
Northern,SL02,Bombali,SL0201,Sella Limba,SLE020112,Kayimbor,SLE020112003
Northern,SL02,Bombali,SL0201,Sella Limba,SLE020112,Magbonkoni I,SLE020112004
Northern,SL02,Bombali,SL0201,Sella Limba,SLE020112,Magbonkoni II,SLE020112005
Northern,SL02,Bombali,SL0201,Sella Limba,SLE020112,Manonkoh,SLE020112006
Northern,SL02,Bombali,SL0201,Sella Limba,SLE020112,Samia,SLE020112007
Northern,SL02,Bombali,SL0201,Tambakha,SLE020113,Dugutha,SLE020113001
Northern,SL02,Bombali,SL0201,Makeni Town,SLE020191,Makari Gbanti - Mi,SLE020191010
Northern,SL02,Bombali,SL0201,Tambakha,SLE020113,Moria,SLE020113002
Northern,SL02,Bombali,SL0201,Tambakha,SLE020113,Paramount Chief Se,SLE020113003
Northern,SL02,Bombali,SL0201,Tambakha,SLE020113,Simibue,SLE020113004
Northern,SL02,Bombali,SL0201,Tambakha,SLE020113,Thalla,SLE020113005
Northern,SL02,Bombali,SL0201,Makeni Town,SLE020191,Bombali Sebora - B,SLE020191001
Northern,SL02,Bombali,SL0201,Makeni Town,SLE020191,Makari Gbanti -Mas,SLE020191011
Northern,SL02,Bombali,SL0201,Makeni Town,SLE020191,Bombali Sebora - K,SLE020191002
Northern,SL02,Bombali,SL0201,Makeni Town,SLE020191,Bombali Sebora - Makeni,SLE020191003
Northern,SL02,Bombali,SL0201,Makeni Town,SLE020191,Bombali Sebora - R,SLE020191007
Northern,SL02,Bombali,SL0201,Makeni Town,SLE020191,Bombali Sebora - T,SLE020191008
Northern,SL02,Bombali,SL0201,Makeni Town,SLE020191,Bombali Sebora - W,SLE020191009
Northern,SL02,Kambia,SL0202,Bramaia,SLE020201,Banguraia,SLE020201001
Northern,SL02,Kambia,SL0202,Bramaia,SLE020201,Fortumboyie,SLE020201006
Northern,SL02,Kambia,SL0202,Bramaia,SLE020201,Gberekhuray,SLE020201007
Northern,SL02,Kambia,SL0202,Bramaia,SLE020201,Gbolon,SLE020201008
Northern,SL02,Kambia,SL0202,Bramaia,SLE020201,Kabaya,SLE020201009
Northern,SL02,Kambia,SL0202,Bramaia,SLE020201,Kanku Bramaia,SLE020201010
Northern,SL02,Kambia,SL0202,Bramaia,SLE020201,Kua Bramaia,SLE020201012
Northern,SL02,Kambia,SL0202,Gbinle Dixing,SLE020202,Katalan,SLE020202003
Northern,SL02,Kambia,SL0202,Gbinle Dixing,SLE020202,Mafaray,SLE020202004
Northern,SL02,Kambia,SL0202,Gbinle Dixing,SLE020202,Maton,SLE020202005
Northern,SL02,Kambia,SL0202,Gbinle Dixing,SLE020202,Rogberay,SLE020202006
Northern,SL02,Kambia,SL0202,Gbinle Dixing,SLE020202,Sanda,SLE020202007
Northern,SL02,Kambia,SL0202,Gbinle Dixing,SLE020202,Tawuya,SLE020202008
Northern,SL02,Kambia,SL0202,Magbema,SLE020203,Bombe,SLE020203001
Northern,SL02,Kambia,SL0202,Magbema,SLE020203,Kamba,SLE020203002
Northern,SL02,Kambia,SL0202,Magbema,SLE020203,Kambia,SLE020203003
Northern,SL02,Kambia,SL0202,Magbema,SLE020203,Kargbulor,SLE020203004
Northern,SL02,Kambia,SL0202,Magbema,SLE020203,Robat,SLE020203005
Northern,SL02,Kambia,SL0202,Magbema,SLE020203,Rokupr,SLE020203006
Northern,SL02,Kambia,SL0202,Magbema,SLE020203,Tormina,SLE020203007
Northern,SL02,Kambia,SL0202,Mambolo,SLE020204,Kalenkay,SLE020204001
Northern,SL02,Kambia,SL0202,Mambolo,SLE020204,Matetie,SLE020204003
Northern,SL02,Kambia,SL0202,Mambolo,SLE020204,Mayakie,SLE020204004
Northern,SL02,Kambia,SL0202,Mambolo,SLE020204,Robis,SLE020204005
Northern,SL02,Kambia,SL0202,Mambolo,SLE020204,Rowollon,SLE020204006
Northern,SL02,Kambia,SL0202,Mambolo,SLE020204,Tombo-Wallah,SLE020204007
Northern,SL02,Kambia,SL0202,Masungbala,SLE020205,Bamoi,SLE020205001
Northern,SL02,Kambia,SL0202,Samu,SLE020206,Mange,SLE020206008
Northern,SL02,Kambia,SL0202,Masungbala,SLE020205,Benna,SLE020205002
Northern,SL02,Kambia,SL0202,Masungbala,SLE020205,Kawula,SLE020205003
Northern,SL02,Kambia,SL0202,Masungbala,SLE020205,Kayenkassa,SLE020205004
Northern,SL02,Kambia,SL0202,Masungbala,SLE020205,Mapolon,SLE020205005
Northern,SL02,Kambia,SL0202,Masungbala,SLE020205,Maserie,SLE020205006
Northern,SL02,Kambia,SL0202,Masungbala,SLE020205,Matengha,SLE020205007
Northern,SL02,Kambia,SL0202,Masungbala,SLE020205,Matilba,SLE020205008
Northern,SL02,Kambia,SL0202,Masungbala,SLE020205,Nonko,SLE020205009
Northern,SL02,Kambia,SL0202,Masungbala,SLE020205,Samu,SLE020205010
Northern,SL02,Kambia,SL0202,Masungbala,SLE020205,Sumbuya,SLE020205011
Northern,SL02,Kambia,SL0202,Masungbala,SLE020205,Thalla,SLE020205012
Northern,SL02,Kambia,SL0202,Samu,SLE020206,Bubuya,SLE020206001
Southern,SL03,Bonthe,SL0302,Kwamebai Krim,SLE030207,Kpanga Koimato,SLE030207001
Northern,SL02,Kambia,SL0202,Samu,SLE020206,Kassiri,SLE020206002
Northern,SL02,Kambia,SL0202,Samu,SLE020206,Koya,SLE020206003
Northern,SL02,Kambia,SL0202,Samu,SLE020206,Kychom,SLE020206004
Northern,SL02,Kambia,SL0202,Samu,SLE020206,Lusenia,SLE020206005
Northern,SL02,Kambia,SL0202,Samu,SLE020206,Mafufuneh,SLE020206006
Northern,SL02,Kambia,SL0202,Samu,SLE020206,Makuma,SLE020206007
Northern,SL02,Kambia,SL0202,Samu,SLE020206,Mapotolon,SLE020206009
Northern,SL02,Kambia,SL0202,Samu,SLE020206,Moribaia,SLE020206010
Northern,SL02,Kambia,SL0202,Samu,SLE020206,Rokon,SLE020206011
Northern,SL02,Kambia,SL0202,Samu,SLE020206,Rosinor,SLE020206012
Northern,SL02,Kambia,SL0202,Tonko Limba,SLE020207,Bubuya,SLE020207001
Northern,SL02,Kambia,SL0202,Tonko Limba,SLE020207,Kathanthineh,SLE020207003
Northern,SL02,Kambia,SL0202,Tonko Limba,SLE020207,Magbonkoh,SLE020207004
Southern,SL03,Pujehun,SL0304,Yakemu Kpukumu krim,SLE030412,Sowonde,SLE030412011
Northern,SL02,Kambia,SL0202,Tonko Limba,SLE020207,Mamankoh,SLE020207005
Western,SL04,Western Area Rural,SL0401,Koya Rural,SLE040101,Fabaina Area,SLE040101001
Western,SL04,Western Area Rural,SL0401,Koya Rural,SLE040101,Madonkeh,SLE040101002
Western,SL04,Western Area Rural,SL0401,Koya Rural,SLE040101,Magbafti,SLE040101003
Western,SL04,Western Area Rural,SL0401,Koya Rural,SLE040101,Malambay,SLE040101004
Western,SL04,Western Area Rural,SL0401,Koya Rural,SLE040101,Newton,SLE040101005
Western,SL04,Western Area Rural,SL0401,Koya Rural,SLE040101,Songo,SLE040101006
Western,SL04,Western Area Rural,SL0401,Mountain Rural,SLE040102,Bathurst,SLE040102001
Western,SL04,Western Area Rural,SL0401,Mountain Rural,SLE040102,Charlotte,SLE040102002
Western,SL04,Western Area Rural,SL0401,Mountain Rural,SLE040102,Gloucester,SLE040102003
Western,SL04,Western Area Rural,SL0401,Mountain Rural,SLE040102,Leicester,SLE040102004
Western,SL04,Western Area Rural,SL0401,Mountain Rural,SLE040102,Regent,SLE040102005
Western,SL04,Western Area Rural,SL0401,Waterloo Rural,SLE040103,Benguema Village A,SLE040103001
Western,SL04,Western Area Rural,SL0401,Waterloo Rural,SLE040103,Campbell Town Vill,SLE040103002
Western,SL04,Western Area Rural,SL0401,Waterloo Rural,SLE040103,Waterloo Village A,SLE040103005
Western,SL04,Western Area Rural,SL0401,Waterloo Rural,SLE040103,Hastings Village A,SLE040103003
Western,SL04,Western Area Rural,SL0401,York Rural,SLE040104,Gbendembu,SLE040104001
Western,SL04,Western Area Rural,SL0401,York Rural,SLE040104,Goderich-Adonkia/M,SLE040104002
Western,SL04,Western Area Rural,SL0401,York Rural,SLE040104,Goderich-Funkia,SLE040104003
Western,SL04,Western Area Rural,SL0401,York Rural,SLE040104,Hamilton,SLE040104004
Western,SL04,Western Area Rural,SL0401,York Rural,SLE040104,Kent,SLE040104005
Western,SL04,Western Area Urban,SL0402,Central I,SLE040201,Albert Academy,SLE040201001
Western,SL04,Western Area Urban,SL0402,East I,SLE040203,Kossoh Town,SLE040203003
Western,SL04,Western Area Rural,SL0401,York Rural,SLE040104,Sattia/Tombo,SLE040104006
Western,SL04,Western Area Rural,SL0401,York Rural,SLE040104,York,SLE040104007
Western,SL04,Western Area Urban,SL0402,East II,SLE040204,Bombay,SLE040204001
Western,SL04,Western Area Urban,SL0402,Central I,SLE040201,Mountain Regent,SLE040201002
Western,SL04,Western Area Urban,SL0402,Central I,SLE040201,Sorie Town,SLE040201003
Western,SL04,Western Area Urban,SL0402,Central I,SLE040201,Susan's Bay,SLE040201004
Western,SL04,Western Area Urban,SL0402,Central I,SLE040201,Tower Hill,SLE040201005
Western,SL04,Western Area Urban,SL0402,Central II,SLE040202,Connaught Hospital,SLE040202001
Western,SL04,Western Area Urban,SL0402,Central II,SLE040202,Sanders Brook,SLE040202002
Western,SL04,Western Area Urban,SL0402,East I,SLE040203,Cline Town,SLE040203001
Western,SL04,Western Area Urban,SL0402,East I,SLE040203,Fourah Bay,SLE040203002
Western,SL04,Western Area Urban,SL0402,East II,SLE040204,Coconut Farm/ Asho,SLE040204002
Western,SL04,Western Area Urban,SL0402,East II,SLE040204,Foulah Town,SLE040204003
Western,SL04,Western Area Urban,SL0402,East II,SLE040204,Ginger Hall,SLE040204004
Western,SL04,Western Area Urban,SL0402,East II,SLE040204,Kissy Brook,SLE040204005
Western,SL04,Western Area Urban,SL0402,East II,SLE040204,Magazine,SLE040204006
Western,SL04,Western Area Urban,SL0402,East II,SLE040204,Mount Aureol,SLE040204007
Western,SL04,Western Area Urban,SL0402,East II,SLE040204,Quarry,SLE040204008
Western,SL04,Western Area Urban,SL0402,East III,SLE040205,Congo Water I,SLE040205004
Western,SL04,Western Area Urban,SL0402,East III,SLE040205,Allen Town I,SLE040205001
Western,SL04,Western Area Urban,SL0402,East III,SLE040205,Congo Water II,SLE040205005
Western,SL04,Western Area Urban,SL0402,East III,SLE040205,Allen Town II,SLE040205002
Western,SL04,Western Area Urban,SL0402,East III,SLE040205,Bottom Oku,SLE040205003
Western,SL04,Western Area Urban,SL0402,East III,SLE040205,Grass Field,SLE040205006
Western,SL04,Western Area Urban,SL0402,East III,SLE040205,Industrial Estate,SLE040205007
Western,SL04,Western Area Urban,SL0402,East III,SLE040205,Kuntolor,SLE040205014
Western,SL04,Western Area Urban,SL0402,East III,SLE040205,Jalloh Terrace,SLE040205008
Western,SL04,Western Area Urban,SL0402,East III,SLE040205,Kissy Brook,SLE040205009
Western,SL04,Western Area Urban,SL0402,East III,SLE040205,Lowcost Housing,SLE040205015
Western,SL04,Western Area Urban,SL0402,East III,SLE040205,Kissy Bye Pass I,SLE040205010
Western,SL04,Western Area Urban,SL0402,East III,SLE040205,Mamba Ridge I,SLE040205016
Western,SL04,Western Area Urban,SL0402,East III,SLE040205,Mamba Ridge II,SLE040205017
Western,SL04,Western Area Urban,SL0402,East III,SLE040205,Kissy Bye Pass II,SLE040205011
Western,SL04,Western Area Urban,SL0402,East III,SLE040205,Kissy Mental,SLE040205012
Western,SL04,Western Area Urban,SL0402,East III,SLE040205,Kissy Mess Mess,SLE040205013
Western,SL04,Western Area Urban,SL0402,East III,SLE040205,Mayenkineh,SLE040205018
Western,SL04,Western Area Urban,SL0402,East III,SLE040205,Old Warf,SLE040205019
Eastern,SL01,Kono,SL0103,Nimiyama,SLE010310,Njaifeh,SLE010310003
Western,SL04,Western Area Urban,SL0402,East III,SLE040205,Pamuronko,SLE040205020
Western,SL04,Western Area Urban,SL0402,East III,SLE040205,Portee,SLE040205021
Western,SL04,Western Area Urban,SL0402,East III,SLE040205,Thunderhill,SLE040205026
Western,SL04,Western Area Urban,SL0402,East III,SLE040205,Robis,SLE040205022
Western,SL04,Western Area Urban,SL0402,East III,SLE040205,Rokupa,SLE040205023
Western,SL04,Western Area Urban,SL0402,East III,SLE040205,Shell,SLE040205024
Western,SL04,Western Area Urban,SL0402,West III,SLE040208,Cockerill-Aberdeen,SLE040208002
Western,SL04,Western Area Urban,SL0402,West I,SLE040206,Ascension Town,SLE040206001
Western,SL04,Western Area Urban,SL0402,West I,SLE040206,Brookfields,SLE040206002
Western,SL04,Western Area Urban,SL0402,West I,SLE040206,Kingtom,SLE040206003
Western,SL04,Western Area Urban,SL0402,West I,SLE040206,Kroo Town,SLE040206004
Western,SL04,Western Area Urban,SL0402,West II,SLE040207,Brookfields-Congo,SLE040207001
Western,SL04,Western Area Urban,SL0402,West II,SLE040207,Brookfields-Red Pu,SLE040207002
Western,SL04,Western Area Urban,SL0402,West II,SLE040207,Congo Town,SLE040207003
Western,SL04,Western Area Urban,SL0402,West II,SLE040207,George Brook (Dwor,SLE040207004
Western,SL04,Western Area Urban,SL0402,West II,SLE040207,New England-Hannes,SLE040207005
Western,SL04,Western Area Urban,SL0402,West II,SLE040207,New England-Hill C,SLE040207006
Western,SL04,Western Area Urban,SL0402,West III,SLE040208,Cockle-Bay /Colleg,SLE040208003
Western,SL04,Western Area Urban,SL0402,West II,SLE040207,Tengbeh Town,SLE040207007
Western,SL04,Western Area Urban,SL0402,West III,SLE040208,Aberdeen,SLE040208001
Western,SL04,Western Area Urban,SL0402,West III,SLE040208,Hill Station,SLE040208004
Western,SL04,Western Area Urban,SL0402,West III,SLE040208,Juba/Kaningo,SLE040208005
Eastern,SL01,Kono,SL0103,Nimiyama,SLE010310,Njagbakahun,SLE010310002
Western,SL04,Western Area Urban,SL0402,West III,SLE040208,Lumley,SLE040208006
Western,SL04,Western Area Urban,SL0402,West III,SLE040208,Malama/Kamayama,SLE040208007
Western,SL04,Western Area Urban,SL0402,West III,SLE040208,Murray Town,SLE040208008
Western,SL04,Western Area Urban,SL0402,West III,SLE040208,Pipeline/Wilkinson,SLE040208009
Western,SL04,Western Area Urban,SL0402,West III,SLE040208,Wilberforce,SLE040208010
Eastern,SL01,Kailahun,SL0101,Malema,SLE010109,Lower Sami,SLE010109002
Eastern,SL01,Kailahun,SL0101,Penguia,SLE010112,Jagor,SLE010112002
Eastern,SL01,Kenema,SL0102,Nomo,SLE010211,Ngiewoma-Njeigor,SLE010211003
Northern,SL02,Kambia,SL0202,Bramaia,SLE020201,Kufuru,SLE020201013
Eastern,SL01,Kenema,SL0102,Tunkia,SLE010215,Gorahun,SLE010215004
Eastern,SL01,Kono,SL0103,Gbane,SLE010302,Gbane Yemao,SLE010302001
Eastern,SL01,Kono,SL0103,Gbane,SLE010302,Mongo,SLE010302005
Eastern,SL01,Kono,SL0103,Gorama Kono,SLE010305,Bunabu,SLE010305001
Eastern,SL01,Kono,SL0103,Gorama Kono,SLE010305,Kangama,SLE010305002
Eastern,SL01,Kono,SL0103,Gorama Kono,SLE010305,Selokoma,SLE010305003
Eastern,SL01,Kono,SL0103,Lei,SLE010307,Koaro,SLE010307004
Eastern,SL01,Kono,SL0103,Nimiyama,SLE010310,Peyifeh,SLE010310004
Eastern,SL01,Kono,SL0103,Nimiyama,SLE010310,Tama,SLE010310005
Eastern,SL01,Kono,SL0103,Sandor,SLE010311,Fakongofeh,SLE010311003
Eastern,SL01,Kono,SL0103,Sandor,SLE010311,Kawafeh,SLE010311004
Eastern,SL01,Kono,SL0103,Sandor,SLE010311,Samgbafeh,SLE010311006
Eastern,SL01,Kono,SL0103,Sandor,SLE010311,Sinkongofeh,SLE010311007
Eastern,SL01,Kono,SL0103,Sandor,SLE010311,Sumunjifeh,SLE010311008
Eastern,SL01,Kono,SL0103,Sandor,SLE010311,Tharma Forest,SLE010311009
Eastern,SL01,Kono,SL0103,Sandor,SLE010311,Yawatanda,SLE010311010
Eastern,SL01,Kono,SL0103,Soa,SLE010312,Sawa Fiama,SLE010312006
Eastern,SL01,Kono,SL0103,Toli,SLE010314,Komadu,SLE010314002
Eastern,SL01,Kono,SL0103,Toli,SLE010314,Kwidu,SLE010314003
Northern,SL02,Kambia,SL0202,Bramaia,SLE020201,Konta,SLE020201011
Northern,SL02,Kambia,SL0202,Tonko Limba,SLE020207,Kamassassa,SLE020207002
Northern,SL02,Kambia,SL0202,Tonko Limba,SLE020207,Yebaya,SLE020207006
Northern,SL02,Tonkolili,SL0205,Kholifa Mabang,SLE020504,Marunia Koray,SLE020504003
Northern,SL02,Koinadugu,SL0203,Neya,SLE020306,Saradu,SLE020306005
Northern,SL02,Koinadugu,SL0203,Nieni,SLE020307,Sumbaria,SLE020307003
Southern,SL03,Bonthe,SL0302,Imperri,SLE030204,Kahekay,SLE030204004
Northern,SL02,Port Loko,SL0204,Lokomasama,SLE020406,Yurika,SLE020406014
Southern,SL03,Bonthe,SL0302,Kpanda Kemo,SLE030206,Ba-Kobotu,SLE030206001
Southern,SL03,Moyamba,SL0303,Bagruwa,SLE030301,Benkeh,SLE030301002
Southern,SL03,Moyamba,SL0303,Kamajei,SLE030307,Njagbema,SLE030307005
Southern,SL03,Moyamba,SL0303,Kamajei,SLE030307,Yeima,SLE030307007
Southern,SL03,Moyamba,SL0303,Ribbi,SLE030312,Lower Ribbi,SLE030312002
Southern,SL03,Pujehun,SL0304,Mono Sakrim,SLE030407,Pembaar,SLE030407005
